INSERT INTO Album (AlbumId,Title,ArtistId) VALUES
	 (1,'For Those About To Rock We Salute You',1),
	 (2,'Balls to the Wall',2),
	 (3,'Restless and Wild',2),
	 (4,'Let There Be Rock',1),
	 (5,'Big Ones',3),
	 (6,'Jagged Little Pill',4),
	 (7,'Facelift',5),
	 (8,'Warner 25 Anos',6),
	 (9,'Plays Metallica By Four Cellos',7),
	 (10,'Audioslave',8);
INSERT INTO Album (AlbumId,Title,ArtistId) VALUES
	 (11,'Out Of Exile',8),
	 (12,'BackBeat Soundtrack',9),
	 (13,'The Best Of Billy Cobham',10),
	 (14,'Alcohol Fueled Brewtality Live! [Disc 1]',11),
	 (15,'Alcohol Fueled Brewtality Live! [Disc 2]',11),
	 (16,'Black Sabbath',12),
	 (17,'Black Sabbath Vol. 4 (Remaster)',12),
	 (18,'Body Count',13),
	 (19,'Chemical Wedding',14),
	 (20,'The Best Of Buddy Guy - The Millenium Collection',15);
INSERT INTO Album (AlbumId,Title,ArtistId) VALUES
	 (21,'Prenda Minha',16),
	 (22,'Sozinho Remix Ao Vivo',16),
	 (23,'Minha Historia',17),
	 (24,'Afrociberdelia',18),
	 (25,'Da Lama Ao Caos',18),
	 (26,'Acústico MTV [Live]',19),
	 (27,'Cidade Negra - Hits',19),
	 (28,'Na Pista',20),
	 (29,'Axé Bahia 2001',21),
	 (30,'BBC Sessions [Disc 1] [Live]',22);
INSERT INTO Album (AlbumId,Title,ArtistId) VALUES
	 (31,'Bongo Fury',23),
	 (32,'Carnaval 2001',21),
	 (33,'Chill: Brazil (Disc 1)',24),
	 (34,'Chill: Brazil (Disc 2)',6),
	 (35,'Garage Inc. (Disc 1)',50),
	 (36,'Greatest Hits II',51),
	 (37,'Greatest Kiss',52),
	 (38,'Heart of the Night',53),
	 (39,'International Superhits',54),
	 (40,'Into The Light',55);
INSERT INTO Album (AlbumId,Title,ArtistId) VALUES
	 (41,'Meus Momentos',56),
	 (42,'Minha História',57),
	 (43,'MK III The Final Concerts [Disc 1]',58),
	 (44,'Physical Graffiti [Disc 1]',22),
	 (45,'Sambas De Enredo 2001',21),
	 (46,'Supernatural',59),
	 (47,'The Best of Ed Motta',37),
	 (48,'The Essential Miles Davis [Disc 1]',68),
	 (49,'The Essential Miles Davis [Disc 2]',68),
	 (50,'The Final Concerts (Disc 2)',58);
INSERT INTO Album (AlbumId,Title,ArtistId) VALUES
	 (51,'Up An'' Atom',69),
	 (52,'Vinícius De Moraes - Sem Limite',70),
	 (53,'Vozes do MPB',21),
	 (54,'Chronicle, Vol. 1',76),
	 (55,'Chronicle, Vol. 2',76),
	 (56,'Cássia Eller - Coleção Sem Limite [Disc 2]',77),
	 (57,'Cássia Eller - Sem Limite [Disc 1]',77),
	 (58,'Come Taste The Band',58),
	 (59,'Deep Purple In Rock',58),
	 (60,'Fireball',58);
INSERT INTO Album (AlbumId,Title,ArtistId) VALUES
	 (61,'Knocking at Your Back Door: The Best Of Deep Purple in the 80''s',58),
	 (62,'Machine Head',58),
	 (63,'Purpendicular',58),
	 (64,'Slaves And Masters',58),
	 (65,'Stormbringer',58),
	 (66,'The Battle Rages On',58),
	 (67,'Vault: Def Leppard''s Greatest Hits',78),
	 (68,'Outbreak',79),
	 (69,'Djavan Ao Vivo - Vol. 02',80),
	 (70,'Djavan Ao Vivo - Vol. 1',80);
INSERT INTO Album (AlbumId,Title,ArtistId) VALUES
	 (71,'Elis Regina-Minha História',41),
	 (72,'The Cream Of Clapton',81),
	 (73,'Unplugged',81),
	 (74,'Album Of The Year',82),
	 (75,'Angel Dust',82),
	 (76,'King For A Day Fool For A Lifetime',82),
	 (77,'The Real Thing',82),
	 (78,'Deixa Entrar',83),
	 (79,'In Your Honor [Disc 1]',84),
	 (80,'In Your Honor [Disc 2]',84);
INSERT INTO Album (AlbumId,Title,ArtistId) VALUES
	 (81,'One By One',84),
	 (82,'The Colour And The Shape',84),
	 (83,'My Way: The Best Of Frank Sinatra [Disc 1]',85),
	 (84,'Roda De Funk',86),
	 (85,'As Canções de Eu Tu Eles',27),
	 (86,'Quanta Gente Veio Ver (Live)',27),
	 (87,'Quanta Gente Veio ver--Bônus De Carnaval',27),
	 (88,'Faceless',87),
	 (89,'American Idiot',54),
	 (90,'Appetite for Destruction',88);
INSERT INTO Album (AlbumId,Title,ArtistId) VALUES
	 (91,'Use Your Illusion I',88),
	 (92,'Use Your Illusion II',88),
	 (93,'Blue Moods',89),
	 (94,'A Matter of Life and Death',90),
	 (95,'A Real Dead One',90),
	 (96,'A Real Live One',90),
	 (97,'Brave New World',90),
	 (98,'Dance Of Death',90),
	 (99,'Fear Of The Dark',90),
	 (100,'Iron Maiden',90);
INSERT INTO Album (AlbumId,Title,ArtistId) VALUES
	 (101,'Killers',90),
	 (102,'Live After Death',90),
	 (103,'Live At Donington 1992 (Disc 1)',90),
	 (104,'Live At Donington 1992 (Disc 2)',90),
	 (105,'No Prayer For The Dying',90),
	 (106,'Piece Of Mind',90),
	 (107,'Powerslave',90),
	 (108,'Rock In Rio [CD1]',90),
	 (109,'Rock In Rio [CD2]',90),
	 (110,'Seventh Son of a Seventh Son',90);
INSERT INTO Album (AlbumId,Title,ArtistId) VALUES
	 (111,'Somewhere in Time',90),
	 (112,'The Number of The Beast',90),
	 (113,'The X Factor',90),
	 (114,'Virtual XI',90),
	 (115,'Sex Machine',91),
	 (116,'Emergency On Planet Earth',92),
	 (117,'Synkronized',92),
	 (118,'The Return Of The Space Cowboy',92),
	 (119,'Get Born',93),
	 (120,'Are You Experienced?',94);
INSERT INTO Album (AlbumId,Title,ArtistId) VALUES
	 (121,'Surfing with the Alien (Remastered)',95),
	 (122,'Jorge Ben Jor 25 Anos',46),
	 (123,'Jota Quest-1995',96),
	 (124,'Cafezinho',97),
	 (125,'Living After Midnight',98),
	 (126,'Unplugged [Live]',52),
	 (127,'BBC Sessions [Disc 2] [Live]',22),
	 (128,'Coda',22),
	 (129,'Houses Of The Holy',22),
	 (130,'In Through The Out Door',22);
INSERT INTO Album (AlbumId,Title,ArtistId) VALUES
	 (131,'IV',22),
	 (132,'Led Zeppelin I',22),
	 (133,'Led Zeppelin II',22),
	 (134,'Led Zeppelin III',22),
	 (135,'Physical Graffiti [Disc 2]',22),
	 (136,'Presence',22),
	 (137,'The Song Remains The Same (Disc 1)',22),
	 (138,'The Song Remains The Same (Disc 2)',22),
	 (139,'A TempestadeTempestade Ou O Livro Dos Dias',99),
	 (140,'Mais Do Mesmo',99);
INSERT INTO Album (AlbumId,Title,ArtistId) VALUES
	 (141,'Greatest Hits',100),
	 (142,'Lulu Santos - RCA 100 Anos De Música - Álbum 01',101),
	 (143,'Lulu Santos - RCA 100 Anos De Música - Álbum 02',101),
	 (144,'Misplaced Childhood',102),
	 (145,'Barulhinho Bom',103),
	 (146,'Seek And Shall Find: More Of The Best (1963-1981)',104),
	 (147,'The Best Of Men At Work',105),
	 (148,'Black Album',50),
	 (149,'Garage Inc. (Disc 2)',50),
	 (150,'Kill ''Em All',50);
INSERT INTO Album (AlbumId,Title,ArtistId) VALUES
	 (151,'Load',50),
	 (152,'Master Of Puppets',50),
	 (153,'ReLoad',50),
	 (154,'Ride The Lightning',50),
	 (155,'St. Anger',50),
	 (156,'...And Justice For All',50),
	 (157,'Miles Ahead',68),
	 (158,'Milton Nascimento Ao Vivo',42),
	 (159,'Minas',42),
	 (160,'Ace Of Spades',106);
INSERT INTO Album (AlbumId,Title,ArtistId) VALUES
	 (161,'Demorou...',108),
	 (162,'Motley Crue Greatest Hits',109),
	 (163,'From The Muddy Banks Of The Wishkah [Live]',110),
	 (164,'Nevermind',110),
	 (165,'Compositores',111),
	 (166,'Olodum',112),
	 (167,'Acústico MTV',113),
	 (168,'Arquivo II',113),
	 (169,'Arquivo Os Paralamas Do Sucesso',113),
	 (170,'Bark at the Moon (Remastered)',114);
INSERT INTO Album (AlbumId,Title,ArtistId) VALUES
	 (171,'Blizzard of Ozz',114),
	 (172,'Diary of a Madman (Remastered)',114),
	 (173,'No More Tears (Remastered)',114),
	 (174,'Tribute',114),
	 (175,'Walking Into Clarksdale',115),
	 (176,'Original Soundtracks 1',116),
	 (177,'The Beast Live',117),
	 (178,'Live On Two Legs [Live]',118),
	 (179,'Pearl Jam',118),
	 (180,'Riot Act',118);
INSERT INTO Album (AlbumId,Title,ArtistId) VALUES
	 (181,'Ten',118),
	 (182,'Vs.',118),
	 (183,'Dark Side Of The Moon',120),
	 (184,'Os Cães Ladram Mas A Caravana Não Pára',121),
	 (185,'Greatest Hits I',51),
	 (186,'News Of The World',51),
	 (187,'Out Of Time',122),
	 (188,'Green',124),
	 (189,'New Adventures In Hi-Fi',124),
	 (190,'The Best Of R.E.M.: The IRS Years',124);
INSERT INTO Album (AlbumId,Title,ArtistId) VALUES
	 (191,'Cesta Básica',125),
	 (192,'Raul Seixas',126),
	 (193,'Blood Sugar Sex Magik',127),
	 (194,'By The Way',127),
	 (195,'Californication',127),
	 (196,'Retrospective I (1974-1980)',128),
	 (197,'Santana - As Years Go By',59),
	 (198,'Santana Live',59),
	 (199,'Maquinarama',130),
	 (200,'O Samba Poconé',130);
INSERT INTO Album (AlbumId,Title,ArtistId) VALUES
	 (201,'Judas 0: B-Sides and Rarities',131),
	 (202,'Rotten Apples: Greatest Hits',131),
	 (203,'A-Sides',132),
	 (204,'Morning Dance',53),
	 (205,'In Step',133),
	 (206,'Core',134),
	 (207,'Mezmerize',135),
	 (208,'[1997] Black Light Syndrome',136),
	 (209,'Live [Disc 1]',137),
	 (210,'Live [Disc 2]',137);
INSERT INTO Album (AlbumId,Title,ArtistId) VALUES
	 (211,'The Singles',138),
	 (212,'Beyond Good And Evil',139),
	 (213,'Pure Cult: The Best Of The Cult (For Rockers, Ravers, Lovers & Sinners) [UK]',139),
	 (214,'The Doors',140),
	 (215,'The Police Greatest Hits',141),
	 (216,'Hot Rocks, 1964-1971 (Disc 1)',142),
	 (217,'No Security',142),
	 (218,'Voodoo Lounge',142),
	 (219,'Tangents',143),
	 (220,'Transmission',143);
INSERT INTO Album (AlbumId,Title,ArtistId) VALUES
	 (221,'My Generation - The Very Best Of The Who',144),
	 (222,'Serie Sem Limite (Disc 1)',145),
	 (223,'Serie Sem Limite (Disc 2)',145),
	 (224,'Acústico',146),
	 (225,'Volume Dois',146),
	 (226,'Battlestar Galactica: The Story So Far',147),
	 (227,'Battlestar Galactica, Season 3',147),
	 (228,'Heroes, Season 1',148),
	 (229,'Lost, Season 3',149),
	 (230,'Lost, Season 1',149);
INSERT INTO Album (AlbumId,Title,ArtistId) VALUES
	 (231,'Lost, Season 2',149),
	 (232,'Achtung Baby',150),
	 (233,'All That You Can''t Leave Behind',150),
	 (234,'B-Sides 1980-1990',150),
	 (235,'How To Dismantle An Atomic Bomb',150),
	 (236,'Pop',150),
	 (237,'Rattle And Hum',150),
	 (238,'The Best Of 1980-1990',150),
	 (239,'War',150),
	 (240,'Zooropa',150);
INSERT INTO Album (AlbumId,Title,ArtistId) VALUES
	 (241,'UB40 The Best Of - Volume Two [UK]',151),
	 (242,'Diver Down',152),
	 (243,'The Best Of Van Halen, Vol. I',152),
	 (244,'Van Halen',152),
	 (245,'Van Halen III',152),
	 (246,'Contraband',153),
	 (247,'Vinicius De Moraes',72),
	 (248,'Ao Vivo [IMPORT]',155),
	 (249,'The Office, Season 1',156),
	 (250,'The Office, Season 2',156);
INSERT INTO Album (AlbumId,Title,ArtistId) VALUES
	 (251,'The Office, Season 3',156),
	 (252,'Un-Led-Ed',157),
	 (253,'Battlestar Galactica (Classic), Season 1',158),
	 (254,'Aquaman',159),
	 (255,'Instant Karma: The Amnesty International Campaign to Save Darfur',150),
	 (256,'Speak of the Devil',114),
	 (257,'20th Century Masters - The Millennium Collection: The Best of Scorpions',179),
	 (258,'House of Pain',180),
	 (259,'Radio Brasil (O Som da Jovem Vanguarda) - Seleccao de Henrique Amaro',36),
	 (260,'Cake: B-Sides and Rarities',196);
INSERT INTO Album (AlbumId,Title,ArtistId) VALUES
	 (261,'LOST, Season 4',149),
	 (262,'Quiet Songs',197),
	 (263,'Muso Ko',198),
	 (264,'Realize',199),
	 (265,'Every Kind of Light',200),
	 (266,'Duos II',201),
	 (267,'Worlds',202),
	 (268,'The Best of Beethoven',203),
	 (269,'Temple of the Dog',204),
	 (270,'Carry On',205);
INSERT INTO Album (AlbumId,Title,ArtistId) VALUES
	 (271,'Revelations',8),
	 (272,'Adorate Deum: Gregorian Chant from the Proper of the Mass',206),
	 (273,'Allegri: Miserere',207),
	 (274,'Pachelbel: Canon & Gigue',208),
	 (275,'Vivaldi: The Four Seasons',209),
	 (276,'Bach: Violin Concertos',210),
	 (277,'Bach: Goldberg Variations',211),
	 (278,'Bach: The Cello Suites',212),
	 (279,'Handel: The Messiah (Highlights)',213),
	 (280,'The World of Classical Favourites',214);
INSERT INTO Album (AlbumId,Title,ArtistId) VALUES
	 (281,'Sir Neville Marriner: A Celebration',215),
	 (282,'Mozart: Wind Concertos',216),
	 (283,'Haydn: Symphonies 99 - 104',217),
	 (284,'Beethoven: Symhonies Nos. 5 & 6',218),
	 (285,'A Soprano Inspired',219),
	 (286,'Great Opera Choruses',220),
	 (287,'Wagner: Favourite Overtures',221),
	 (288,'Fauré: Requiem, Ravel: Pavane & Others',222),
	 (289,'Tchaikovsky: The Nutcracker',223),
	 (290,'The Last Night of the Proms',224);
INSERT INTO Album (AlbumId,Title,ArtistId) VALUES
	 (291,'Puccini: Madama Butterfly - Highlights',225),
	 (292,'Holst: The Planets, Op. 32 & Vaughan Williams: Fantasies',226),
	 (293,'Pavarotti''s Opera Made Easy',227),
	 (294,'Great Performances - Barber''s Adagio and Other Romantic Favorites for Strings',228),
	 (295,'Carmina Burana',229),
	 (296,'A Copland Celebration, Vol. I',230),
	 (297,'Bach: Toccata & Fugue in D Minor',231),
	 (298,'Prokofiev: Symphony No.1',232),
	 (299,'Scheherazade',233),
	 (300,'Bach: The Brandenburg Concertos',234);
INSERT INTO Album (AlbumId,Title,ArtistId) VALUES
	 (301,'Chopin: Piano Concertos Nos. 1 & 2',235),
	 (302,'Mascagni: Cavalleria Rusticana',236),
	 (303,'Sibelius: Finlandia',237),
	 (304,'Beethoven Piano Sonatas: Moonlight & Pastorale',238),
	 (305,'Great Recordings of the Century - Mahler: Das Lied von der Erde',240),
	 (306,'Elgar: Cello Concerto & Vaughan Williams: Fantasias',241),
	 (307,'Adams, John: The Chairman Dances',242),
	 (308,'Tchaikovsky: 1812 Festival Overture, Op.49, Capriccio Italien & Beethoven: Wellington''s Victory',243),
	 (309,'Palestrina: Missa Papae Marcelli & Allegri: Miserere',244),
	 (310,'Prokofiev: Romeo & Juliet',245);
INSERT INTO Album (AlbumId,Title,ArtistId) VALUES
	 (311,'Strauss: Waltzes',226),
	 (312,'Berlioz: Symphonie Fantastique',245),
	 (313,'Bizet: Carmen Highlights',246),
	 (314,'English Renaissance',247),
	 (315,'Handel: Music for the Royal Fireworks (Original Version 1749)',208),
	 (316,'Grieg: Peer Gynt Suites & Sibelius: Pelléas et Mélisande',248),
	 (317,'Mozart Gala: Famous Arias',249),
	 (318,'SCRIABIN: Vers la flamme',250),
	 (319,'Armada: Music from the Courts of England and Spain',251),
	 (320,'Mozart: Symphonies Nos. 40 & 41',248);
INSERT INTO Album (AlbumId,Title,ArtistId) VALUES
	 (321,'Back to Black',252),
	 (322,'Frank',252),
	 (323,'Carried to Dust (Bonus Track Version)',253),
	 (324,'Beethoven: Symphony No. 6 ''Pastoral'' Etc.',254),
	 (325,'Bartok: Violin & Viola Concertos',255),
	 (326,'Mendelssohn: A Midsummer Night''s Dream',256),
	 (327,'Bach: Orchestral Suites Nos. 1 - 4',257),
	 (328,'Charpentier: Divertissements, Airs & Concerts',258),
	 (329,'South American Getaway',259),
	 (330,'Górecki: Symphony No. 3',260);
INSERT INTO Album (AlbumId,Title,ArtistId) VALUES
	 (331,'Purcell: The Fairy Queen',261),
	 (332,'The Ultimate Relexation Album',262),
	 (333,'Purcell: Music for the Queen Mary',263),
	 (334,'Weill: The Seven Deadly Sins',264),
	 (335,'J.S. Bach: Chaconne, Suite in E Minor, Partita in E Major & Prelude, Fugue and Allegro',265),
	 (336,'Prokofiev: Symphony No.5 & Stravinksy: Le Sacre Du Printemps',248),
	 (337,'Szymanowski: Piano Works, Vol. 1',266),
	 (338,'Nielsen: The Six Symphonies',267),
	 (339,'Great Recordings of the Century: Paganini''s 24 Caprices',268),
	 (340,'Liszt - 12 Études D''Execution Transcendante',269);
INSERT INTO Album (AlbumId,Title,ArtistId) VALUES
	 (341,'Great Recordings of the Century - Shubert: Schwanengesang, 4 Lieder',270),
	 (342,'Locatelli: Concertos for Violin, Strings and Continuo, Vol. 3',271),
	 (343,'Respighi:Pines of Rome',226),
	 (344,'Schubert: The Late String Quartets & String Quintet (3 CD''s)',272),
	 (345,'Monteverdi: L''Orfeo',273),
	 (346,'Mozart: Chamber Music',274),
	 (347,'Koyaanisqatsi (Soundtrack from the Motion Picture)',275);
INSERT INTO Artist (ArtistId,Name) VALUES
	 (1,'AC/DC'),
	 (2,'Accept'),
	 (3,'Aerosmith'),
	 (4,'Alanis Morissette'),
	 (5,'Alice In Chains'),
	 (6,'Antônio Carlos Jobim'),
	 (7,'Apocalyptica'),
	 (8,'Audioslave'),
	 (9,'BackBeat'),
	 (10,'Billy Cobham');
INSERT INTO Artist (ArtistId,Name) VALUES
	 (11,'Black Label Society'),
	 (12,'Black Sabbath'),
	 (13,'Body Count'),
	 (14,'Bruce Dickinson'),
	 (15,'Buddy Guy'),
	 (16,'Caetano Veloso'),
	 (17,'Chico Buarque'),
	 (18,'Chico Science & Nação Zumbi'),
	 (19,'Cidade Negra'),
	 (20,'Cláudio Zoli');
INSERT INTO Artist (ArtistId,Name) VALUES
	 (21,'Various Artists'),
	 (22,'Led Zeppelin'),
	 (23,'Frank Zappa & Captain Beefheart'),
	 (24,'Marcos Valle'),
	 (25,'Milton Nascimento & Bebeto'),
	 (26,'Azymuth'),
	 (27,'Gilberto Gil'),
	 (28,'João Gilberto'),
	 (29,'Bebel Gilberto'),
	 (30,'Jorge Vercilo');
INSERT INTO Artist (ArtistId,Name) VALUES
	 (31,'Baby Consuelo'),
	 (32,'Ney Matogrosso'),
	 (33,'Luiz Melodia'),
	 (34,'Nando Reis'),
	 (35,'Pedro Luís & A Parede'),
	 (36,'O Rappa'),
	 (37,'Ed Motta'),
	 (38,'Banda Black Rio'),
	 (39,'Fernanda Porto'),
	 (40,'Os Cariocas');
INSERT INTO Artist (ArtistId,Name) VALUES
	 (41,'Elis Regina'),
	 (42,'Milton Nascimento'),
	 (43,'A Cor Do Som'),
	 (44,'Kid Abelha'),
	 (45,'Sandra De Sá'),
	 (46,'Jorge Ben'),
	 (47,'Hermeto Pascoal'),
	 (48,'Barão Vermelho'),
	 (49,'Edson, DJ Marky & DJ Patife Featuring Fernanda Porto'),
	 (50,'Metallica');
INSERT INTO Artist (ArtistId,Name) VALUES
	 (51,'Queen'),
	 (52,'Kiss'),
	 (53,'Spyro Gyra'),
	 (54,'Green Day'),
	 (55,'David Coverdale'),
	 (56,'Gonzaguinha'),
	 (57,'Os Mutantes'),
	 (58,'Deep Purple'),
	 (59,'Santana'),
	 (60,'Santana Feat. Dave Matthews');
INSERT INTO Artist (ArtistId,Name) VALUES
	 (61,'Santana Feat. Everlast'),
	 (62,'Santana Feat. Rob Thomas'),
	 (63,'Santana Feat. Lauryn Hill & Cee-Lo'),
	 (64,'Santana Feat. The Project G&B'),
	 (65,'Santana Feat. Maná'),
	 (66,'Santana Feat. Eagle-Eye Cherry'),
	 (67,'Santana Feat. Eric Clapton'),
	 (68,'Miles Davis'),
	 (69,'Gene Krupa'),
	 (70,'Toquinho & Vinícius');
INSERT INTO Artist (ArtistId,Name) VALUES
	 (71,'Vinícius De Moraes & Baden Powell'),
	 (72,'Vinícius De Moraes'),
	 (73,'Vinícius E Qurteto Em Cy'),
	 (74,'Vinícius E Odette Lara'),
	 (75,'Vinicius, Toquinho & Quarteto Em Cy'),
	 (76,'Creedence Clearwater Revival'),
	 (77,'Cássia Eller'),
	 (78,'Def Leppard'),
	 (79,'Dennis Chambers'),
	 (80,'Djavan');
INSERT INTO Artist (ArtistId,Name) VALUES
	 (81,'Eric Clapton'),
	 (82,'Faith No More'),
	 (83,'Falamansa'),
	 (84,'Foo Fighters'),
	 (85,'Frank Sinatra'),
	 (86,'Funk Como Le Gusta'),
	 (87,'Godsmack'),
	 (88,'Guns N'' Roses'),
	 (89,'Incognito'),
	 (90,'Iron Maiden');
INSERT INTO Artist (ArtistId,Name) VALUES
	 (91,'James Brown'),
	 (92,'Jamiroquai'),
	 (93,'JET'),
	 (94,'Jimi Hendrix'),
	 (95,'Joe Satriani'),
	 (96,'Jota Quest'),
	 (97,'João Suplicy'),
	 (98,'Judas Priest'),
	 (99,'Legião Urbana'),
	 (100,'Lenny Kravitz');
INSERT INTO Artist (ArtistId,Name) VALUES
	 (101,'Lulu Santos'),
	 (102,'Marillion'),
	 (103,'Marisa Monte'),
	 (104,'Marvin Gaye'),
	 (105,'Men At Work'),
	 (106,'Motörhead'),
	 (107,'Motörhead & Girlschool'),
	 (108,'Mônica Marianno'),
	 (109,'Mötley Crüe'),
	 (110,'Nirvana');
INSERT INTO Artist (ArtistId,Name) VALUES
	 (111,'O Terço'),
	 (112,'Olodum'),
	 (113,'Os Paralamas Do Sucesso'),
	 (114,'Ozzy Osbourne'),
	 (115,'Page & Plant'),
	 (116,'Passengers'),
	 (117,'Paul D''Ianno'),
	 (118,'Pearl Jam'),
	 (119,'Peter Tosh'),
	 (120,'Pink Floyd');
INSERT INTO Artist (ArtistId,Name) VALUES
	 (121,'Planet Hemp'),
	 (122,'R.E.M. Feat. Kate Pearson'),
	 (123,'R.E.M. Feat. KRS-One'),
	 (124,'R.E.M.'),
	 (125,'Raimundos'),
	 (126,'Raul Seixas'),
	 (127,'Red Hot Chili Peppers'),
	 (128,'Rush'),
	 (129,'Simply Red'),
	 (130,'Skank');
INSERT INTO Artist (ArtistId,Name) VALUES
	 (131,'Smashing Pumpkins'),
	 (132,'Soundgarden'),
	 (133,'Stevie Ray Vaughan & Double Trouble'),
	 (134,'Stone Temple Pilots'),
	 (135,'System Of A Down'),
	 (136,'Terry Bozzio, Tony Levin & Steve Stevens'),
	 (137,'The Black Crowes'),
	 (138,'The Clash'),
	 (139,'The Cult'),
	 (140,'The Doors');
INSERT INTO Artist (ArtistId,Name) VALUES
	 (141,'The Police'),
	 (142,'The Rolling Stones'),
	 (143,'The Tea Party'),
	 (144,'The Who'),
	 (145,'Tim Maia'),
	 (146,'Titãs'),
	 (147,'Battlestar Galactica'),
	 (148,'Heroes'),
	 (149,'Lost'),
	 (150,'U2');
INSERT INTO Artist (ArtistId,Name) VALUES
	 (151,'UB40'),
	 (152,'Van Halen'),
	 (153,'Velvet Revolver'),
	 (154,'Whitesnake'),
	 (155,'Zeca Pagodinho'),
	 (156,'The Office'),
	 (157,'Dread Zeppelin'),
	 (158,'Battlestar Galactica (Classic)'),
	 (159,'Aquaman'),
	 (160,'Christina Aguilera featuring BigElf');
INSERT INTO Artist (ArtistId,Name) VALUES
	 (161,'Aerosmith & Sierra Leone''s Refugee Allstars'),
	 (162,'Los Lonely Boys'),
	 (163,'Corinne Bailey Rae'),
	 (164,'Dhani Harrison & Jakob Dylan'),
	 (165,'Jackson Browne'),
	 (166,'Avril Lavigne'),
	 (167,'Big & Rich'),
	 (168,'Youssou N''Dour'),
	 (169,'Black Eyed Peas'),
	 (170,'Jack Johnson');
INSERT INTO Artist (ArtistId,Name) VALUES
	 (171,'Ben Harper'),
	 (172,'Snow Patrol'),
	 (173,'Matisyahu'),
	 (174,'The Postal Service'),
	 (175,'Jaguares'),
	 (176,'The Flaming Lips'),
	 (177,'Jack''s Mannequin & Mick Fleetwood'),
	 (178,'Regina Spektor'),
	 (179,'Scorpions'),
	 (180,'House Of Pain');
INSERT INTO Artist (ArtistId,Name) VALUES
	 (181,'Xis'),
	 (182,'Nega Gizza'),
	 (183,'Gustavo & Andres Veiga & Salazar'),
	 (184,'Rodox'),
	 (185,'Charlie Brown Jr.'),
	 (186,'Pedro Luís E A Parede'),
	 (187,'Los Hermanos'),
	 (188,'Mundo Livre S/A'),
	 (189,'Otto'),
	 (190,'Instituto');
INSERT INTO Artist (ArtistId,Name) VALUES
	 (191,'Nação Zumbi'),
	 (192,'DJ Dolores & Orchestra Santa Massa'),
	 (193,'Seu Jorge'),
	 (194,'Sabotage E Instituto'),
	 (195,'Stereo Maracana'),
	 (196,'Cake'),
	 (197,'Aisha Duo'),
	 (198,'Habib Koité and Bamada'),
	 (199,'Karsh Kale'),
	 (200,'The Posies');
INSERT INTO Artist (ArtistId,Name) VALUES
	 (201,'Luciana Souza/Romero Lubambo'),
	 (202,'Aaron Goldberg'),
	 (203,'Nicolaus Esterhazy Sinfonia'),
	 (204,'Temple of the Dog'),
	 (205,'Chris Cornell'),
	 (206,'Alberto Turco & Nova Schola Gregoriana'),
	 (207,'Richard Marlow & The Choir of Trinity College, Cambridge'),
	 (208,'English Concert & Trevor Pinnock'),
	 (209,'Anne-Sophie Mutter, Herbert Von Karajan & Wiener Philharmoniker'),
	 (210,'Hilary Hahn, Jeffrey Kahane, Los Angeles Chamber Orchestra & Margaret Batjer');
INSERT INTO Artist (ArtistId,Name) VALUES
	 (211,'Wilhelm Kempff'),
	 (212,'Yo-Yo Ma'),
	 (213,'Scholars Baroque Ensemble'),
	 (214,'Academy of St. Martin in the Fields & Sir Neville Marriner'),
	 (215,'Academy of St. Martin in the Fields Chamber Ensemble & Sir Neville Marriner'),
	 (216,'Berliner Philharmoniker, Claudio Abbado & Sabine Meyer'),
	 (217,'Royal Philharmonic Orchestra & Sir Thomas Beecham'),
	 (218,'Orchestre Révolutionnaire et Romantique & John Eliot Gardiner'),
	 (219,'Britten Sinfonia, Ivor Bolton & Lesley Garrett'),
	 (220,'Chicago Symphony Chorus, Chicago Symphony Orchestra & Sir Georg Solti');
INSERT INTO Artist (ArtistId,Name) VALUES
	 (221,'Sir Georg Solti & Wiener Philharmoniker'),
	 (222,'Academy of St. Martin in the Fields, John Birch, Sir Neville Marriner & Sylvia McNair'),
	 (223,'London Symphony Orchestra & Sir Charles Mackerras'),
	 (224,'Barry Wordsworth & BBC Concert Orchestra'),
	 (225,'Herbert Von Karajan, Mirella Freni & Wiener Philharmoniker'),
	 (226,'Eugene Ormandy'),
	 (227,'Luciano Pavarotti'),
	 (228,'Leonard Bernstein & New York Philharmonic'),
	 (229,'Boston Symphony Orchestra & Seiji Ozawa'),
	 (230,'Aaron Copland & London Symphony Orchestra');
INSERT INTO Artist (ArtistId,Name) VALUES
	 (231,'Ton Koopman'),
	 (232,'Sergei Prokofiev & Yuri Temirkanov'),
	 (233,'Chicago Symphony Orchestra & Fritz Reiner'),
	 (234,'Orchestra of The Age of Enlightenment'),
	 (235,'Emanuel Ax, Eugene Ormandy & Philadelphia Orchestra'),
	 (236,'James Levine'),
	 (237,'Berliner Philharmoniker & Hans Rosbaud'),
	 (238,'Maurizio Pollini'),
	 (239,'Academy of St. Martin in the Fields, Sir Neville Marriner & William Bennett'),
	 (240,'Gustav Mahler');
INSERT INTO Artist (ArtistId,Name) VALUES
	 (241,'Felix Schmidt, London Symphony Orchestra & Rafael Frühbeck de Burgos'),
	 (242,'Edo de Waart & San Francisco Symphony'),
	 (243,'Antal Doráti & London Symphony Orchestra'),
	 (244,'Choir Of Westminster Abbey & Simon Preston'),
	 (245,'Michael Tilson Thomas & San Francisco Symphony'),
	 (246,'Chor der Wiener Staatsoper, Herbert Von Karajan & Wiener Philharmoniker'),
	 (247,'The King''s Singers'),
	 (248,'Berliner Philharmoniker & Herbert Von Karajan'),
	 (249,'Sir Georg Solti, Sumi Jo & Wiener Philharmoniker'),
	 (250,'Christopher O''Riley');
INSERT INTO Artist (ArtistId,Name) VALUES
	 (251,'Fretwork'),
	 (252,'Amy Winehouse'),
	 (253,'Calexico'),
	 (254,'Otto Klemperer & Philharmonia Orchestra'),
	 (255,'Yehudi Menuhin'),
	 (256,'Philharmonia Orchestra & Sir Neville Marriner'),
	 (257,'Academy of St. Martin in the Fields, Sir Neville Marriner & Thurston Dart'),
	 (258,'Les Arts Florissants & William Christie'),
	 (259,'The 12 Cellists of The Berlin Philharmonic'),
	 (260,'Adrian Leaper & Doreen de Feis');
INSERT INTO Artist (ArtistId,Name) VALUES
	 (261,'Roger Norrington, London Classical Players'),
	 (262,'Charles Dutoit & L''Orchestre Symphonique de Montréal'),
	 (263,'Equale Brass Ensemble, John Eliot Gardiner & Munich Monteverdi Orchestra and Choir'),
	 (264,'Kent Nagano and Orchestre de l''Opéra de Lyon'),
	 (265,'Julian Bream'),
	 (266,'Martin Roscoe'),
	 (267,'Göteborgs Symfoniker & Neeme Järvi'),
	 (268,'Itzhak Perlman'),
	 (269,'Michele Campanella'),
	 (270,'Gerald Moore');
INSERT INTO Artist (ArtistId,Name) VALUES
	 (271,'Mela Tenenbaum, Pro Musica Prague & Richard Kapp'),
	 (272,'Emerson String Quartet'),
	 (273,'C. Monteverdi, Nigel Rogers - Chiaroscuro; London Baroque; London Cornett & Sackbu'),
	 (274,'Nash Ensemble'),
	 (275,'Philip Glass Ensemble');
INSERT INTO Customer (CustomerId,FirstName,LastName,Company,Address,City,State,Country,PostalCode,Phone,Fax,Email,SupportRepId) VALUES
	 (1,'Luís','Gonçalves','Embraer - Empresa Brasileira de Aeronáutica S.A.','Av. Brigadeiro Faria Lima, 2170','São José dos Campos','SP','Brazil','12227-000','+55 (12) 3923-5555','+55 (12) 3923-5566','luisg@embraer.com.br',3),
	 (2,'Leonie','Köhler',NULL,'Theodor-Heuss-Straße 34','Stuttgart',NULL,'Germany','70174','+49 0711 2842222',NULL,'leonekohler@surfeu.de',5),
	 (3,'François','Tremblay',NULL,'1498 rue Bélanger','Montréal','QC','Canada','H2G 1A7','+1 (514) 721-4711',NULL,'ftremblay@gmail.com',3),
	 (4,'Bjørn','Hansen',NULL,'Ullevålsveien 14','Oslo',NULL,'Norway','0171','+47 22 44 22 22',NULL,'bjorn.hansen@yahoo.no',4),
	 (5,'František','Wichterlová','JetBrains s.r.o.','Klanova 9/506','Prague',NULL,'Czech Republic','14700','+420 2 4172 5555','+420 2 4172 5555','frantisekw@jetbrains.com',4),
	 (6,'Helena','Holý',NULL,'Rilská 3174/6','Prague',NULL,'Czech Republic','14300','+420 2 4177 0449',NULL,'hholy@gmail.com',5),
	 (7,'Astrid','Gruber',NULL,'Rotenturmstraße 4, 1010 Innere Stadt','Vienne',NULL,'Austria','1010','+43 01 5134505',NULL,'astrid.gruber@apple.at',5),
	 (8,'Daan','Peeters',NULL,'Grétrystraat 63','Brussels',NULL,'Belgium','1000','+32 02 219 03 03',NULL,'daan_peeters@apple.be',4),
	 (9,'Kara','Nielsen',NULL,'Sønder Boulevard 51','Copenhagen',NULL,'Denmark','1720','+453 3331 9991',NULL,'kara.nielsen@jubii.dk',4),
	 (10,'Eduardo','Martins','Woodstock Discos','Rua Dr. Falcão Filho, 155','São Paulo','SP','Brazil','01007-010','+55 (11) 3033-5446','+55 (11) 3033-4564','eduardo@woodstock.com.br',4);
INSERT INTO Customer (CustomerId,FirstName,LastName,Company,Address,City,State,Country,PostalCode,Phone,Fax,Email,SupportRepId) VALUES
	 (11,'Alexandre','Rocha','Banco do Brasil S.A.','Av. Paulista, 2022','São Paulo','SP','Brazil','01310-200','+55 (11) 3055-3278','+55 (11) 3055-8131','alero@uol.com.br',5),
	 (12,'Roberto','Almeida','Riotur','Praça Pio X, 119','Rio de Janeiro','RJ','Brazil','20040-020','+55 (21) 2271-7000','+55 (21) 2271-7070','roberto.almeida@riotur.gov.br',3),
	 (13,'Fernanda','Ramos',NULL,'Qe 7 Bloco G','Brasília','DF','Brazil','71020-677','+55 (61) 3363-5547','+55 (61) 3363-7855','fernadaramos4@uol.com.br',4),
	 (14,'Mark','Philips','Telus','8210 111 ST NW','Edmonton','AB','Canada','T6G 2C7','+1 (780) 434-4554','+1 (780) 434-5565','mphilips12@shaw.ca',5),
	 (15,'Jennifer','Peterson','Rogers Canada','700 W Pender Street','Vancouver','BC','Canada','V6C 1G8','+1 (604) 688-2255','+1 (604) 688-8756','jenniferp@rogers.ca',3),
	 (16,'Frank','Harris','Google Inc.','1600 Amphitheatre Parkway','Mountain View','CA','USA','94043-1351','+1 (650) 253-0000','+1 (650) 253-0000','fharris@google.com',4),
	 (17,'Jack','Smith','Microsoft Corporation','1 Microsoft Way','Redmond','WA','USA','98052-8300','+1 (425) 882-8080','+1 (425) 882-8081','jacksmith@microsoft.com',5),
	 (18,'Michelle','Brooks',NULL,'627 Broadway','New York','NY','USA','10012-2612','+1 (212) 221-3546','+1 (212) 221-4679','michelleb@aol.com',3),
	 (19,'Tim','Goyer','Apple Inc.','1 Infinite Loop','Cupertino','CA','USA','95014','+1 (408) 996-1010','+1 (408) 996-1011','tgoyer@apple.com',3),
	 (20,'Dan','Miller',NULL,'541 Del Medio Avenue','Mountain View','CA','USA','94040-111','+1 (650) 644-3358',NULL,'dmiller@comcast.com',4);
INSERT INTO Customer (CustomerId,FirstName,LastName,Company,Address,City,State,Country,PostalCode,Phone,Fax,Email,SupportRepId) VALUES
	 (21,'Kathy','Chase',NULL,'801 W 4th Street','Reno','NV','USA','89503','+1 (775) 223-7665',NULL,'kachase@hotmail.com',5),
	 (22,'Heather','Leacock',NULL,'120 S Orange Ave','Orlando','FL','USA','32801','+1 (407) 999-7788',NULL,'hleacock@gmail.com',4),
	 (23,'John','Gordon',NULL,'69 Salem Street','Boston','MA','USA','2113','+1 (617) 522-1333',NULL,'johngordon22@yahoo.com',4),
	 (24,'Frank','Ralston',NULL,'162 E Superior Street','Chicago','IL','USA','60611','+1 (312) 332-3232',NULL,'fralston@gmail.com',3),
	 (25,'Victor','Stevens',NULL,'319 N. Frances Street','Madison','WI','USA','53703','+1 (608) 257-0597',NULL,'vstevens@yahoo.com',5),
	 (26,'Richard','Cunningham',NULL,'2211 W Berry Street','Fort Worth','TX','USA','76110','+1 (817) 924-7272',NULL,'ricunningham@hotmail.com',4),
	 (27,'Patrick','Gray',NULL,'1033 N Park Ave','Tucson','AZ','USA','85719','+1 (520) 622-4200',NULL,'patrick.gray@aol.com',4),
	 (28,'Julia','Barnett',NULL,'302 S 700 E','Salt Lake City','UT','USA','84102','+1 (801) 531-7272',NULL,'jubarnett@gmail.com',5),
	 (29,'Robert','Brown',NULL,'796 Dundas Street West','Toronto','ON','Canada','M6J 1V1','+1 (416) 363-8888',NULL,'robbrown@shaw.ca',3),
	 (30,'Edward','Francis',NULL,'230 Elgin Street','Ottawa','ON','Canada','K2P 1L7','+1 (613) 234-3322',NULL,'edfrancis@yachoo.ca',3);
INSERT INTO Customer (CustomerId,FirstName,LastName,Company,Address,City,State,Country,PostalCode,Phone,Fax,Email,SupportRepId) VALUES
	 (31,'Martha','Silk',NULL,'194A Chain Lake Drive','Halifax','NS','Canada','B3S 1C5','+1 (902) 450-0450',NULL,'marthasilk@gmail.com',5),
	 (32,'Aaron','Mitchell',NULL,'696 Osborne Street','Winnipeg','MB','Canada','R3L 2B9','+1 (204) 452-6452',NULL,'aaronmitchell@yahoo.ca',4),
	 (33,'Ellie','Sullivan',NULL,'5112 48 Street','Yellowknife','NT','Canada','X1A 1N6','+1 (867) 920-2233',NULL,'ellie.sullivan@shaw.ca',3),
	 (34,'João','Fernandes',NULL,'Rua da Assunção 53','Lisbon',NULL,'Portugal',NULL,'+351 (213) 466-111',NULL,'jfernandes@yahoo.pt',4),
	 (35,'Madalena','Sampaio',NULL,'Rua dos Campeões Europeus de Viena, 4350','Porto',NULL,'Portugal',NULL,'+351 (225) 022-448',NULL,'masampaio@sapo.pt',4),
	 (36,'Hannah','Schneider',NULL,'Tauentzienstraße 8','Berlin',NULL,'Germany','10789','+49 030 26550280',NULL,'hannah.schneider@yahoo.de',5),
	 (37,'Fynn','Zimmermann',NULL,'Berger Straße 10','Frankfurt',NULL,'Germany','60316','+49 069 40598889',NULL,'fzimmermann@yahoo.de',3),
	 (38,'Niklas','Schröder',NULL,'Barbarossastraße 19','Berlin',NULL,'Germany','10779','+49 030 2141444',NULL,'nschroder@surfeu.de',3),
	 (39,'Camille','Bernard',NULL,'4, Rue Milton','Paris',NULL,'France','75009','+33 01 49 70 65 65',NULL,'camille.bernard@yahoo.fr',4),
	 (40,'Dominique','Lefebvre',NULL,'8, Rue Hanovre','Paris',NULL,'France','75002','+33 01 47 42 71 71',NULL,'dominiquelefebvre@gmail.com',4);
INSERT INTO Customer (CustomerId,FirstName,LastName,Company,Address,City,State,Country,PostalCode,Phone,Fax,Email,SupportRepId) VALUES
	 (41,'Marc','Dubois',NULL,'11, Place Bellecour','Lyon',NULL,'France','69002','+33 04 78 30 30 30',NULL,'marc.dubois@hotmail.com',5),
	 (42,'Wyatt','Girard',NULL,'9, Place Louis Barthou','Bordeaux',NULL,'France','33000','+33 05 56 96 96 96',NULL,'wyatt.girard@yahoo.fr',3),
	 (43,'Isabelle','Mercier',NULL,'68, Rue Jouvence','Dijon',NULL,'France','21000','+33 03 80 73 66 99',NULL,'isabelle_mercier@apple.fr',3),
	 (44,'Terhi','Hämäläinen',NULL,'Porthaninkatu 9','Helsinki',NULL,'Finland','00530','+358 09 870 2000',NULL,'terhi.hamalainen@apple.fi',3),
	 (45,'Ladislav','Kovács',NULL,'Erzsébet krt. 58.','Budapest',NULL,'Hungary','H-1073',NULL,NULL,'ladislav_kovacs@apple.hu',3),
	 (46,'Hugh','O''Reilly',NULL,'3 Chatham Street','Dublin','Dublin','Ireland',NULL,'+353 01 6792424',NULL,'hughoreilly@apple.ie',3),
	 (47,'Lucas','Mancini',NULL,'Via Degli Scipioni, 43','Rome','RM','Italy','00192','+39 06 39733434',NULL,'lucas.mancini@yahoo.it',5),
	 (48,'Johannes','Van der Berg',NULL,'Lijnbaansgracht 120bg','Amsterdam','VV','Netherlands','1016','+31 020 6223130',NULL,'johavanderberg@yahoo.nl',5),
	 (49,'Stanisław','Wójcik',NULL,'Ordynacka 10','Warsaw',NULL,'Poland','00-358','+48 22 828 37 39',NULL,'stanisław.wójcik@wp.pl',4),
	 (50,'Enrique','Muñoz',NULL,'C/ San Bernardo 85','Madrid',NULL,'Spain','28015','+34 914 454 454',NULL,'enrique_munoz@yahoo.es',5);
INSERT INTO Customer (CustomerId,FirstName,LastName,Company,Address,City,State,Country,PostalCode,Phone,Fax,Email,SupportRepId) VALUES
	 (51,'Joakim','Johansson',NULL,'Celsiusg. 9','Stockholm',NULL,'Sweden','11230','+46 08-651 52 52',NULL,'joakim.johansson@yahoo.se',5),
	 (52,'Emma','Jones',NULL,'202 Hoxton Street','London',NULL,'United Kingdom','N1 5LH','+44 020 7707 0707',NULL,'emma_jones@hotmail.com',3),
	 (53,'Phil','Hughes',NULL,'113 Lupus St','London',NULL,'United Kingdom','SW1V 3EN','+44 020 7976 5722',NULL,'phil.hughes@gmail.com',3),
	 (54,'Steve','Murray',NULL,'110 Raeburn Pl','Edinburgh ',NULL,'United Kingdom','EH4 1HH','+44 0131 315 3300',NULL,'steve.murray@yahoo.uk',5),
	 (55,'Mark','Taylor',NULL,'421 Bourke Street','Sidney','NSW','Australia','2010','+61 (02) 9332 3633',NULL,'mark.taylor@yahoo.au',4),
	 (56,'Diego','Gutiérrez',NULL,'307 Macacha Güemes','Buenos Aires',NULL,'Argentina','1106','+54 (0)11 4311 4333',NULL,'diego.gutierrez@yahoo.ar',4),
	 (57,'Luis','Rojas',NULL,'Calle Lira, 198','Santiago',NULL,'Chile',NULL,'+56 (0)2 635 4444',NULL,'luisrojas@yahoo.cl',5),
	 (58,'Manoj','Pareek',NULL,'12,Community Centre','Delhi',NULL,'India','110017','+91 0124 39883988',NULL,'manoj.pareek@rediff.com',3),
	 (59,'Puja','Srivastava',NULL,'3,Raj Bhavan Road','Bangalore',NULL,'India','560001','+91 080 22289999',NULL,'puja_srivastava@yahoo.in',3);
INSERT INTO Employee (EmployeeId,LastName,FirstName,Title,ReportsTo,BirthDate,HireDate,Address,City,State,Country,PostalCode,Phone,Fax,Email) VALUES
	 (1,'Adams','Andrew','General Manager',NULL,'1962-02-18 00:00:00','2002-08-14 00:00:00','11120 Jasper Ave NW','Edmonton','AB','Canada','T5K 2N1','+1 (780) 428-9482','+1 (780) 428-3457','andrew@chinookcorp.com'),
	 (2,'Edwards','Nancy','Sales Manager',1,'1958-12-08 00:00:00','2002-05-01 00:00:00','825 8 Ave SW','Calgary','AB','Canada','T2P 2T3','+1 (403) 262-3443','+1 (403) 262-3322','nancy@chinookcorp.com'),
	 (3,'Peacock','Jane','Sales Support Agent',2,'1973-08-29 00:00:00','2002-04-01 00:00:00','1111 6 Ave SW','Calgary','AB','Canada','T2P 5M5','+1 (403) 262-3443','+1 (403) 262-6712','jane@chinookcorp.com'),
	 (4,'Park','Margaret','Sales Support Agent',2,'1947-09-19 00:00:00','2003-05-03 00:00:00','683 10 Street SW','Calgary','AB','Canada','T2P 5G3','+1 (403) 263-4423','+1 (403) 263-4289','margaret@chinookcorp.com'),
	 (5,'Johnson','Steve','Sales Support Agent',2,'1965-03-03 00:00:00','2003-10-17 00:00:00','7727B 41 Ave','Calgary','AB','Canada','T3B 1Y7','1 (780) 836-9987','1 (780) 836-9543','steve@chinookcorp.com'),
	 (6,'Mitchell','Michael','IT Manager',1,'1973-07-01 00:00:00','2003-10-17 00:00:00','5827 Bowness Road NW','Calgary','AB','Canada','T3B 0C5','+1 (403) 246-9887','+1 (403) 246-9899','michael@chinookcorp.com'),
	 (7,'King','Robert','IT Staff',6,'1970-05-29 00:00:00','2004-01-02 00:00:00','590 Columbia Boulevard West','Lethbridge','AB','Canada','T1K 5N8','+1 (403) 456-9986','+1 (403) 456-8485','robert@chinookcorp.com'),
	 (8,'Callahan','Laura','IT Staff',6,'1968-01-09 00:00:00','2004-03-04 00:00:00','923 7 ST NW','Lethbridge','AB','Canada','T1H 1Y8','+1 (403) 467-3351','+1 (403) 467-8772','laura@chinookcorp.com');
INSERT INTO Genre (GenreId,Name) VALUES
	 (1,'Rock'),
	 (2,'Jazz'),
	 (3,'Metal'),
	 (4,'Alternative & Punk'),
	 (5,'Rock And Roll'),
	 (6,'Blues'),
	 (7,'Latin'),
	 (8,'Reggae'),
	 (9,'Pop'),
	 (10,'Soundtrack');
INSERT INTO Genre (GenreId,Name) VALUES
	 (11,'Bossa Nova'),
	 (12,'Easy Listening'),
	 (13,'Heavy Metal'),
	 (14,'R&B/Soul'),
	 (15,'Electronica/Dance'),
	 (16,'World'),
	 (17,'Hip Hop/Rap'),
	 (18,'Science Fiction'),
	 (19,'TV Shows'),
	 (20,'Sci Fi & Fantasy');
INSERT INTO Genre (GenreId,Name) VALUES
	 (21,'Drama'),
	 (22,'Comedy'),
	 (23,'Alternative'),
	 (24,'Classical'),
	 (25,'Opera');
INSERT INTO Invoice (InvoiceId,CustomerId,InvoiceDate,BillingAddress,BillingCity,BillingState,BillingCountry,BillingPostalCode,Total) VALUES
	 (1,2,'2009-01-01 00:00:00','Theodor-Heuss-Straße 34','Stuttgart',NULL,'Germany','70174',1.98),
	 (2,4,'2009-01-02 00:00:00','Ullevålsveien 14','Oslo',NULL,'Norway','0171',3.96),
	 (3,8,'2009-01-03 00:00:00','Grétrystraat 63','Brussels',NULL,'Belgium','1000',5.94),
	 (4,14,'2009-01-06 00:00:00','8210 111 ST NW','Edmonton','AB','Canada','T6G 2C7',8.91),
	 (5,23,'2009-01-11 00:00:00','69 Salem Street','Boston','MA','USA','2113',13.86),
	 (6,37,'2009-01-19 00:00:00','Berger Straße 10','Frankfurt',NULL,'Germany','60316',0.99),
	 (7,38,'2009-02-01 00:00:00','Barbarossastraße 19','Berlin',NULL,'Germany','10779',1.98),
	 (8,40,'2009-02-01 00:00:00','8, Rue Hanovre','Paris',NULL,'France','75002',1.98),
	 (9,42,'2009-02-02 00:00:00','9, Place Louis Barthou','Bordeaux',NULL,'France','33000',3.96),
	 (10,46,'2009-02-03 00:00:00','3 Chatham Street','Dublin','Dublin','Ireland',NULL,5.94);
INSERT INTO Invoice (InvoiceId,CustomerId,InvoiceDate,BillingAddress,BillingCity,BillingState,BillingCountry,BillingPostalCode,Total) VALUES
	 (11,52,'2009-02-06 00:00:00','202 Hoxton Street','London',NULL,'United Kingdom','N1 5LH',8.91),
	 (12,2,'2009-02-11 00:00:00','Theodor-Heuss-Straße 34','Stuttgart',NULL,'Germany','70174',13.86),
	 (13,16,'2009-02-19 00:00:00','1600 Amphitheatre Parkway','Mountain View','CA','USA','94043-1351',0.99),
	 (14,17,'2009-03-04 00:00:00','1 Microsoft Way','Redmond','WA','USA','98052-8300',1.98),
	 (15,19,'2009-03-04 00:00:00','1 Infinite Loop','Cupertino','CA','USA','95014',1.98),
	 (16,21,'2009-03-05 00:00:00','801 W 4th Street','Reno','NV','USA','89503',3.96),
	 (17,25,'2009-03-06 00:00:00','319 N. Frances Street','Madison','WI','USA','53703',5.94),
	 (18,31,'2009-03-09 00:00:00','194A Chain Lake Drive','Halifax','NS','Canada','B3S 1C5',8.91),
	 (19,40,'2009-03-14 00:00:00','8, Rue Hanovre','Paris',NULL,'France','75002',13.86),
	 (20,54,'2009-03-22 00:00:00','110 Raeburn Pl','Edinburgh ',NULL,'United Kingdom','EH4 1HH',0.99);
INSERT INTO Invoice (InvoiceId,CustomerId,InvoiceDate,BillingAddress,BillingCity,BillingState,BillingCountry,BillingPostalCode,Total) VALUES
	 (21,55,'2009-04-04 00:00:00','421 Bourke Street','Sidney','NSW','Australia','2010',1.98),
	 (22,57,'2009-04-04 00:00:00','Calle Lira, 198','Santiago',NULL,'Chile',NULL,1.98),
	 (23,59,'2009-04-05 00:00:00','3,Raj Bhavan Road','Bangalore',NULL,'India','560001',3.96),
	 (24,4,'2009-04-06 00:00:00','Ullevålsveien 14','Oslo',NULL,'Norway','0171',5.94),
	 (25,10,'2009-04-09 00:00:00','Rua Dr. Falcão Filho, 155','São Paulo','SP','Brazil','01007-010',8.91),
	 (26,19,'2009-04-14 00:00:00','1 Infinite Loop','Cupertino','CA','USA','95014',13.86),
	 (27,33,'2009-04-22 00:00:00','5112 48 Street','Yellowknife','NT','Canada','X1A 1N6',0.99),
	 (28,34,'2009-05-05 00:00:00','Rua da Assunção 53','Lisbon',NULL,'Portugal',NULL,1.98),
	 (29,36,'2009-05-05 00:00:00','Tauentzienstraße 8','Berlin',NULL,'Germany','10789',1.98),
	 (30,38,'2009-05-06 00:00:00','Barbarossastraße 19','Berlin',NULL,'Germany','10779',3.96);
INSERT INTO Invoice (InvoiceId,CustomerId,InvoiceDate,BillingAddress,BillingCity,BillingState,BillingCountry,BillingPostalCode,Total) VALUES
	 (31,42,'2009-05-07 00:00:00','9, Place Louis Barthou','Bordeaux',NULL,'France','33000',5.94),
	 (32,48,'2009-05-10 00:00:00','Lijnbaansgracht 120bg','Amsterdam','VV','Netherlands','1016',8.91),
	 (33,57,'2009-05-15 00:00:00','Calle Lira, 198','Santiago',NULL,'Chile',NULL,13.86),
	 (34,12,'2009-05-23 00:00:00','Praça Pio X, 119','Rio de Janeiro','RJ','Brazil','20040-020',0.99),
	 (35,13,'2009-06-05 00:00:00','Qe 7 Bloco G','Brasília','DF','Brazil','71020-677',1.98),
	 (36,15,'2009-06-05 00:00:00','700 W Pender Street','Vancouver','BC','Canada','V6C 1G8',1.98),
	 (37,17,'2009-06-06 00:00:00','1 Microsoft Way','Redmond','WA','USA','98052-8300',3.96),
	 (38,21,'2009-06-07 00:00:00','801 W 4th Street','Reno','NV','USA','89503',5.94),
	 (39,27,'2009-06-10 00:00:00','1033 N Park Ave','Tucson','AZ','USA','85719',8.91),
	 (40,36,'2009-06-15 00:00:00','Tauentzienstraße 8','Berlin',NULL,'Germany','10789',13.86);
INSERT INTO Invoice (InvoiceId,CustomerId,InvoiceDate,BillingAddress,BillingCity,BillingState,BillingCountry,BillingPostalCode,Total) VALUES
	 (41,50,'2009-06-23 00:00:00','C/ San Bernardo 85','Madrid',NULL,'Spain','28015',0.99),
	 (42,51,'2009-07-06 00:00:00','Celsiusg. 9','Stockholm',NULL,'Sweden','11230',1.98),
	 (43,53,'2009-07-06 00:00:00','113 Lupus St','London',NULL,'United Kingdom','SW1V 3EN',1.98),
	 (44,55,'2009-07-07 00:00:00','421 Bourke Street','Sidney','NSW','Australia','2010',3.96),
	 (45,59,'2009-07-08 00:00:00','3,Raj Bhavan Road','Bangalore',NULL,'India','560001',5.94),
	 (46,6,'2009-07-11 00:00:00','Rilská 3174/6','Prague',NULL,'Czech Republic','14300',8.91),
	 (47,15,'2009-07-16 00:00:00','700 W Pender Street','Vancouver','BC','Canada','V6C 1G8',13.86),
	 (48,29,'2009-07-24 00:00:00','796 Dundas Street West','Toronto','ON','Canada','M6J 1V1',0.99),
	 (49,30,'2009-08-06 00:00:00','230 Elgin Street','Ottawa','ON','Canada','K2P 1L7',1.98),
	 (50,32,'2009-08-06 00:00:00','696 Osborne Street','Winnipeg','MB','Canada','R3L 2B9',1.98);
INSERT INTO Invoice (InvoiceId,CustomerId,InvoiceDate,BillingAddress,BillingCity,BillingState,BillingCountry,BillingPostalCode,Total) VALUES
	 (51,34,'2009-08-07 00:00:00','Rua da Assunção 53','Lisbon',NULL,'Portugal',NULL,3.96),
	 (52,38,'2009-08-08 00:00:00','Barbarossastraße 19','Berlin',NULL,'Germany','10779',5.94),
	 (53,44,'2009-08-11 00:00:00','Porthaninkatu 9','Helsinki',NULL,'Finland','00530',8.91),
	 (54,53,'2009-08-16 00:00:00','113 Lupus St','London',NULL,'United Kingdom','SW1V 3EN',13.86),
	 (55,8,'2009-08-24 00:00:00','Grétrystraat 63','Brussels',NULL,'Belgium','1000',0.99),
	 (56,9,'2009-09-06 00:00:00','Sønder Boulevard 51','Copenhagen',NULL,'Denmark','1720',1.98),
	 (57,11,'2009-09-06 00:00:00','Av. Paulista, 2022','São Paulo','SP','Brazil','01310-200',1.98),
	 (58,13,'2009-09-07 00:00:00','Qe 7 Bloco G','Brasília','DF','Brazil','71020-677',3.96),
	 (59,17,'2009-09-08 00:00:00','1 Microsoft Way','Redmond','WA','USA','98052-8300',5.94),
	 (60,23,'2009-09-11 00:00:00','69 Salem Street','Boston','MA','USA','2113',8.91);
INSERT INTO Invoice (InvoiceId,CustomerId,InvoiceDate,BillingAddress,BillingCity,BillingState,BillingCountry,BillingPostalCode,Total) VALUES
	 (61,32,'2009-09-16 00:00:00','696 Osborne Street','Winnipeg','MB','Canada','R3L 2B9',13.86),
	 (62,46,'2009-09-24 00:00:00','3 Chatham Street','Dublin','Dublin','Ireland',NULL,0.99),
	 (63,47,'2009-10-07 00:00:00','Via Degli Scipioni, 43','Rome','RM','Italy','00192',1.98),
	 (64,49,'2009-10-07 00:00:00','Ordynacka 10','Warsaw',NULL,'Poland','00-358',1.98),
	 (65,51,'2009-10-08 00:00:00','Celsiusg. 9','Stockholm',NULL,'Sweden','11230',3.96),
	 (66,55,'2009-10-09 00:00:00','421 Bourke Street','Sidney','NSW','Australia','2010',5.94),
	 (67,2,'2009-10-12 00:00:00','Theodor-Heuss-Straße 34','Stuttgart',NULL,'Germany','70174',8.91),
	 (68,11,'2009-10-17 00:00:00','Av. Paulista, 2022','São Paulo','SP','Brazil','01310-200',13.86),
	 (69,25,'2009-10-25 00:00:00','319 N. Frances Street','Madison','WI','USA','53703',0.99),
	 (70,26,'2009-11-07 00:00:00','2211 W Berry Street','Fort Worth','TX','USA','76110',1.98);
INSERT INTO Invoice (InvoiceId,CustomerId,InvoiceDate,BillingAddress,BillingCity,BillingState,BillingCountry,BillingPostalCode,Total) VALUES
	 (71,28,'2009-11-07 00:00:00','302 S 700 E','Salt Lake City','UT','USA','84102',1.98),
	 (72,30,'2009-11-08 00:00:00','230 Elgin Street','Ottawa','ON','Canada','K2P 1L7',3.96),
	 (73,34,'2009-11-09 00:00:00','Rua da Assunção 53','Lisbon',NULL,'Portugal',NULL,5.94),
	 (74,40,'2009-11-12 00:00:00','8, Rue Hanovre','Paris',NULL,'France','75002',8.91),
	 (75,49,'2009-11-17 00:00:00','Ordynacka 10','Warsaw',NULL,'Poland','00-358',13.86),
	 (76,4,'2009-11-25 00:00:00','Ullevålsveien 14','Oslo',NULL,'Norway','0171',0.99),
	 (77,5,'2009-12-08 00:00:00','Klanova 9/506','Prague',NULL,'Czech Republic','14700',1.98),
	 (78,7,'2009-12-08 00:00:00','Rotenturmstraße 4, 1010 Innere Stadt','Vienne',NULL,'Austria','1010',1.98),
	 (79,9,'2009-12-09 00:00:00','Sønder Boulevard 51','Copenhagen',NULL,'Denmark','1720',3.96),
	 (80,13,'2009-12-10 00:00:00','Qe 7 Bloco G','Brasília','DF','Brazil','71020-677',5.94);
INSERT INTO Invoice (InvoiceId,CustomerId,InvoiceDate,BillingAddress,BillingCity,BillingState,BillingCountry,BillingPostalCode,Total) VALUES
	 (81,19,'2009-12-13 00:00:00','1 Infinite Loop','Cupertino','CA','USA','95014',8.91),
	 (82,28,'2009-12-18 00:00:00','302 S 700 E','Salt Lake City','UT','USA','84102',13.86),
	 (83,42,'2009-12-26 00:00:00','9, Place Louis Barthou','Bordeaux',NULL,'France','33000',0.99),
	 (84,43,'2010-01-08 00:00:00','68, Rue Jouvence','Dijon',NULL,'France','21000',1.98),
	 (85,45,'2010-01-08 00:00:00','Erzsébet krt. 58.','Budapest',NULL,'Hungary','H-1073',1.98),
	 (86,47,'2010-01-09 00:00:00','Via Degli Scipioni, 43','Rome','RM','Italy','00192',3.96),
	 (87,51,'2010-01-10 00:00:00','Celsiusg. 9','Stockholm',NULL,'Sweden','11230',6.94),
	 (88,57,'2010-01-13 00:00:00','Calle Lira, 198','Santiago',NULL,'Chile',NULL,17.91),
	 (89,7,'2010-01-18 00:00:00','Rotenturmstraße 4, 1010 Innere Stadt','Vienne',NULL,'Austria','1010',18.86),
	 (90,21,'2010-01-26 00:00:00','801 W 4th Street','Reno','NV','USA','89503',0.99);
INSERT INTO Invoice (InvoiceId,CustomerId,InvoiceDate,BillingAddress,BillingCity,BillingState,BillingCountry,BillingPostalCode,Total) VALUES
	 (91,22,'2010-02-08 00:00:00','120 S Orange Ave','Orlando','FL','USA','32801',1.98),
	 (92,24,'2010-02-08 00:00:00','162 E Superior Street','Chicago','IL','USA','60611',1.98),
	 (93,26,'2010-02-09 00:00:00','2211 W Berry Street','Fort Worth','TX','USA','76110',3.96),
	 (94,30,'2010-02-10 00:00:00','230 Elgin Street','Ottawa','ON','Canada','K2P 1L7',5.94),
	 (95,36,'2010-02-13 00:00:00','Tauentzienstraße 8','Berlin',NULL,'Germany','10789',8.91),
	 (96,45,'2010-02-18 00:00:00','Erzsébet krt. 58.','Budapest',NULL,'Hungary','H-1073',21.86),
	 (97,59,'2010-02-26 00:00:00','3,Raj Bhavan Road','Bangalore',NULL,'India','560001',1.99),
	 (98,1,'2010-03-11 00:00:00','Av. Brigadeiro Faria Lima, 2170','São José dos Campos','SP','Brazil','12227-000',3.98),
	 (99,3,'2010-03-11 00:00:00','1498 rue Bélanger','Montréal','QC','Canada','H2G 1A7',3.98),
	 (100,5,'2010-03-12 00:00:00','Klanova 9/506','Prague',NULL,'Czech Republic','14700',3.96);
INSERT INTO Invoice (InvoiceId,CustomerId,InvoiceDate,BillingAddress,BillingCity,BillingState,BillingCountry,BillingPostalCode,Total) VALUES
	 (101,9,'2010-03-13 00:00:00','Sønder Boulevard 51','Copenhagen',NULL,'Denmark','1720',5.94),
	 (102,15,'2010-03-16 00:00:00','700 W Pender Street','Vancouver','BC','Canada','V6C 1G8',9.91),
	 (103,24,'2010-03-21 00:00:00','162 E Superior Street','Chicago','IL','USA','60611',15.86),
	 (104,38,'2010-03-29 00:00:00','Barbarossastraße 19','Berlin',NULL,'Germany','10779',0.99),
	 (105,39,'2010-04-11 00:00:00','4, Rue Milton','Paris',NULL,'France','75009',1.98),
	 (106,41,'2010-04-11 00:00:00','11, Place Bellecour','Lyon',NULL,'France','69002',1.98),
	 (107,43,'2010-04-12 00:00:00','68, Rue Jouvence','Dijon',NULL,'France','21000',3.96),
	 (108,47,'2010-04-13 00:00:00','Via Degli Scipioni, 43','Rome','RM','Italy','00192',5.94),
	 (109,53,'2010-04-16 00:00:00','113 Lupus St','London',NULL,'United Kingdom','SW1V 3EN',8.91),
	 (110,3,'2010-04-21 00:00:00','1498 rue Bélanger','Montréal','QC','Canada','H2G 1A7',13.86);
INSERT INTO Invoice (InvoiceId,CustomerId,InvoiceDate,BillingAddress,BillingCity,BillingState,BillingCountry,BillingPostalCode,Total) VALUES
	 (111,17,'2010-04-29 00:00:00','1 Microsoft Way','Redmond','WA','USA','98052-8300',0.99),
	 (112,18,'2010-05-12 00:00:00','627 Broadway','New York','NY','USA','10012-2612',1.98),
	 (113,20,'2010-05-12 00:00:00','541 Del Medio Avenue','Mountain View','CA','USA','94040-111',1.98),
	 (114,22,'2010-05-13 00:00:00','120 S Orange Ave','Orlando','FL','USA','32801',3.96),
	 (115,26,'2010-05-14 00:00:00','2211 W Berry Street','Fort Worth','TX','USA','76110',5.94),
	 (116,32,'2010-05-17 00:00:00','696 Osborne Street','Winnipeg','MB','Canada','R3L 2B9',8.91),
	 (117,41,'2010-05-22 00:00:00','11, Place Bellecour','Lyon',NULL,'France','69002',13.86),
	 (118,55,'2010-05-30 00:00:00','421 Bourke Street','Sidney','NSW','Australia','2010',0.99),
	 (119,56,'2010-06-12 00:00:00','307 Macacha Güemes','Buenos Aires',NULL,'Argentina','1106',1.98),
	 (120,58,'2010-06-12 00:00:00','12,Community Centre','Delhi',NULL,'India','110017',1.98);
INSERT INTO Invoice (InvoiceId,CustomerId,InvoiceDate,BillingAddress,BillingCity,BillingState,BillingCountry,BillingPostalCode,Total) VALUES
	 (121,1,'2010-06-13 00:00:00','Av. Brigadeiro Faria Lima, 2170','São José dos Campos','SP','Brazil','12227-000',3.96),
	 (122,5,'2010-06-14 00:00:00','Klanova 9/506','Prague',NULL,'Czech Republic','14700',5.94),
	 (123,11,'2010-06-17 00:00:00','Av. Paulista, 2022','São Paulo','SP','Brazil','01310-200',8.91),
	 (124,20,'2010-06-22 00:00:00','541 Del Medio Avenue','Mountain View','CA','USA','94040-111',13.86),
	 (125,34,'2010-06-30 00:00:00','Rua da Assunção 53','Lisbon',NULL,'Portugal',NULL,0.99),
	 (126,35,'2010-07-13 00:00:00','Rua dos Campeões Europeus de Viena, 4350','Porto',NULL,'Portugal',NULL,1.98),
	 (127,37,'2010-07-13 00:00:00','Berger Straße 10','Frankfurt',NULL,'Germany','60316',1.98),
	 (128,39,'2010-07-14 00:00:00','4, Rue Milton','Paris',NULL,'France','75009',3.96),
	 (129,43,'2010-07-15 00:00:00','68, Rue Jouvence','Dijon',NULL,'France','21000',5.94),
	 (130,49,'2010-07-18 00:00:00','Ordynacka 10','Warsaw',NULL,'Poland','00-358',8.91);
INSERT INTO Invoice (InvoiceId,CustomerId,InvoiceDate,BillingAddress,BillingCity,BillingState,BillingCountry,BillingPostalCode,Total) VALUES
	 (131,58,'2010-07-23 00:00:00','12,Community Centre','Delhi',NULL,'India','110017',13.86),
	 (132,13,'2010-07-31 00:00:00','Qe 7 Bloco G','Brasília','DF','Brazil','71020-677',0.99),
	 (133,14,'2010-08-13 00:00:00','8210 111 ST NW','Edmonton','AB','Canada','T6G 2C7',1.98),
	 (134,16,'2010-08-13 00:00:00','1600 Amphitheatre Parkway','Mountain View','CA','USA','94043-1351',1.98),
	 (135,18,'2010-08-14 00:00:00','627 Broadway','New York','NY','USA','10012-2612',3.96),
	 (136,22,'2010-08-15 00:00:00','120 S Orange Ave','Orlando','FL','USA','32801',5.94),
	 (137,28,'2010-08-18 00:00:00','302 S 700 E','Salt Lake City','UT','USA','84102',8.91),
	 (138,37,'2010-08-23 00:00:00','Berger Straße 10','Frankfurt',NULL,'Germany','60316',13.86),
	 (139,51,'2010-08-31 00:00:00','Celsiusg. 9','Stockholm',NULL,'Sweden','11230',0.99),
	 (140,52,'2010-09-13 00:00:00','202 Hoxton Street','London',NULL,'United Kingdom','N1 5LH',1.98);
INSERT INTO Invoice (InvoiceId,CustomerId,InvoiceDate,BillingAddress,BillingCity,BillingState,BillingCountry,BillingPostalCode,Total) VALUES
	 (141,54,'2010-09-13 00:00:00','110 Raeburn Pl','Edinburgh ',NULL,'United Kingdom','EH4 1HH',1.98),
	 (142,56,'2010-09-14 00:00:00','307 Macacha Güemes','Buenos Aires',NULL,'Argentina','1106',3.96),
	 (143,1,'2010-09-15 00:00:00','Av. Brigadeiro Faria Lima, 2170','São José dos Campos','SP','Brazil','12227-000',5.94),
	 (144,7,'2010-09-18 00:00:00','Rotenturmstraße 4, 1010 Innere Stadt','Vienne',NULL,'Austria','1010',8.91),
	 (145,16,'2010-09-23 00:00:00','1600 Amphitheatre Parkway','Mountain View','CA','USA','94043-1351',13.86),
	 (146,30,'2010-10-01 00:00:00','230 Elgin Street','Ottawa','ON','Canada','K2P 1L7',0.99),
	 (147,31,'2010-10-14 00:00:00','194A Chain Lake Drive','Halifax','NS','Canada','B3S 1C5',1.98),
	 (148,33,'2010-10-14 00:00:00','5112 48 Street','Yellowknife','NT','Canada','X1A 1N6',1.98),
	 (149,35,'2010-10-15 00:00:00','Rua dos Campeões Europeus de Viena, 4350','Porto',NULL,'Portugal',NULL,3.96),
	 (150,39,'2010-10-16 00:00:00','4, Rue Milton','Paris',NULL,'France','75009',5.94);
INSERT INTO Invoice (InvoiceId,CustomerId,InvoiceDate,BillingAddress,BillingCity,BillingState,BillingCountry,BillingPostalCode,Total) VALUES
	 (151,45,'2010-10-19 00:00:00','Erzsébet krt. 58.','Budapest',NULL,'Hungary','H-1073',8.91),
	 (152,54,'2010-10-24 00:00:00','110 Raeburn Pl','Edinburgh ',NULL,'United Kingdom','EH4 1HH',13.86),
	 (153,9,'2010-11-01 00:00:00','Sønder Boulevard 51','Copenhagen',NULL,'Denmark','1720',0.99),
	 (154,10,'2010-11-14 00:00:00','Rua Dr. Falcão Filho, 155','São Paulo','SP','Brazil','01007-010',1.98),
	 (155,12,'2010-11-14 00:00:00','Praça Pio X, 119','Rio de Janeiro','RJ','Brazil','20040-020',1.98),
	 (156,14,'2010-11-15 00:00:00','8210 111 ST NW','Edmonton','AB','Canada','T6G 2C7',3.96),
	 (157,18,'2010-11-16 00:00:00','627 Broadway','New York','NY','USA','10012-2612',5.94),
	 (158,24,'2010-11-19 00:00:00','162 E Superior Street','Chicago','IL','USA','60611',8.91),
	 (159,33,'2010-11-24 00:00:00','5112 48 Street','Yellowknife','NT','Canada','X1A 1N6',13.86),
	 (160,47,'2010-12-02 00:00:00','Via Degli Scipioni, 43','Rome','RM','Italy','00192',0.99);
INSERT INTO Invoice (InvoiceId,CustomerId,InvoiceDate,BillingAddress,BillingCity,BillingState,BillingCountry,BillingPostalCode,Total) VALUES
	 (161,48,'2010-12-15 00:00:00','Lijnbaansgracht 120bg','Amsterdam','VV','Netherlands','1016',1.98),
	 (162,50,'2010-12-15 00:00:00','C/ San Bernardo 85','Madrid',NULL,'Spain','28015',1.98),
	 (163,52,'2010-12-16 00:00:00','202 Hoxton Street','London',NULL,'United Kingdom','N1 5LH',3.96),
	 (164,56,'2010-12-17 00:00:00','307 Macacha Güemes','Buenos Aires',NULL,'Argentina','1106',5.94),
	 (165,3,'2010-12-20 00:00:00','1498 rue Bélanger','Montréal','QC','Canada','H2G 1A7',8.91),
	 (166,12,'2010-12-25 00:00:00','Praça Pio X, 119','Rio de Janeiro','RJ','Brazil','20040-020',13.86),
	 (167,26,'2011-01-02 00:00:00','2211 W Berry Street','Fort Worth','TX','USA','76110',0.99),
	 (168,27,'2011-01-15 00:00:00','1033 N Park Ave','Tucson','AZ','USA','85719',1.98),
	 (169,29,'2011-01-15 00:00:00','796 Dundas Street West','Toronto','ON','Canada','M6J 1V1',1.98),
	 (170,31,'2011-01-16 00:00:00','194A Chain Lake Drive','Halifax','NS','Canada','B3S 1C5',3.96);
INSERT INTO Invoice (InvoiceId,CustomerId,InvoiceDate,BillingAddress,BillingCity,BillingState,BillingCountry,BillingPostalCode,Total) VALUES
	 (171,35,'2011-01-17 00:00:00','Rua dos Campeões Europeus de Viena, 4350','Porto',NULL,'Portugal',NULL,5.94),
	 (172,41,'2011-01-20 00:00:00','11, Place Bellecour','Lyon',NULL,'France','69002',8.91),
	 (173,50,'2011-01-25 00:00:00','C/ San Bernardo 85','Madrid',NULL,'Spain','28015',13.86),
	 (174,5,'2011-02-02 00:00:00','Klanova 9/506','Prague',NULL,'Czech Republic','14700',0.99),
	 (175,6,'2011-02-15 00:00:00','Rilská 3174/6','Prague',NULL,'Czech Republic','14300',1.98),
	 (176,8,'2011-02-15 00:00:00','Grétrystraat 63','Brussels',NULL,'Belgium','1000',1.98),
	 (177,10,'2011-02-16 00:00:00','Rua Dr. Falcão Filho, 155','São Paulo','SP','Brazil','01007-010',3.96),
	 (178,14,'2011-02-17 00:00:00','8210 111 ST NW','Edmonton','AB','Canada','T6G 2C7',5.94),
	 (179,20,'2011-02-20 00:00:00','541 Del Medio Avenue','Mountain View','CA','USA','94040-111',8.91),
	 (180,29,'2011-02-25 00:00:00','796 Dundas Street West','Toronto','ON','Canada','M6J 1V1',13.86);
INSERT INTO Invoice (InvoiceId,CustomerId,InvoiceDate,BillingAddress,BillingCity,BillingState,BillingCountry,BillingPostalCode,Total) VALUES
	 (181,43,'2011-03-05 00:00:00','68, Rue Jouvence','Dijon',NULL,'France','21000',0.99),
	 (182,44,'2011-03-18 00:00:00','Porthaninkatu 9','Helsinki',NULL,'Finland','00530',1.98),
	 (183,46,'2011-03-18 00:00:00','3 Chatham Street','Dublin','Dublin','Ireland',NULL,1.98),
	 (184,48,'2011-03-19 00:00:00','Lijnbaansgracht 120bg','Amsterdam','VV','Netherlands','1016',3.96),
	 (185,52,'2011-03-20 00:00:00','202 Hoxton Street','London',NULL,'United Kingdom','N1 5LH',5.94),
	 (186,58,'2011-03-23 00:00:00','12,Community Centre','Delhi',NULL,'India','110017',8.91),
	 (187,8,'2011-03-28 00:00:00','Grétrystraat 63','Brussels',NULL,'Belgium','1000',13.86),
	 (188,22,'2011-04-05 00:00:00','120 S Orange Ave','Orlando','FL','USA','32801',0.99),
	 (189,23,'2011-04-18 00:00:00','69 Salem Street','Boston','MA','USA','2113',1.98),
	 (190,25,'2011-04-18 00:00:00','319 N. Frances Street','Madison','WI','USA','53703',1.98);
INSERT INTO Invoice (InvoiceId,CustomerId,InvoiceDate,BillingAddress,BillingCity,BillingState,BillingCountry,BillingPostalCode,Total) VALUES
	 (191,27,'2011-04-19 00:00:00','1033 N Park Ave','Tucson','AZ','USA','85719',3.96),
	 (192,31,'2011-04-20 00:00:00','194A Chain Lake Drive','Halifax','NS','Canada','B3S 1C5',5.94),
	 (193,37,'2011-04-23 00:00:00','Berger Straße 10','Frankfurt',NULL,'Germany','60316',14.91),
	 (194,46,'2011-04-28 00:00:00','3 Chatham Street','Dublin','Dublin','Ireland',NULL,21.86),
	 (195,1,'2011-05-06 00:00:00','Av. Brigadeiro Faria Lima, 2170','São José dos Campos','SP','Brazil','12227-000',0.99),
	 (196,2,'2011-05-19 00:00:00','Theodor-Heuss-Straße 34','Stuttgart',NULL,'Germany','70174',1.98),
	 (197,4,'2011-05-19 00:00:00','Ullevålsveien 14','Oslo',NULL,'Norway','0171',1.98),
	 (198,6,'2011-05-20 00:00:00','Rilská 3174/6','Prague',NULL,'Czech Republic','14300',3.96),
	 (199,10,'2011-05-21 00:00:00','Rua Dr. Falcão Filho, 155','São Paulo','SP','Brazil','01007-010',5.94),
	 (200,16,'2011-05-24 00:00:00','1600 Amphitheatre Parkway','Mountain View','CA','USA','94043-1351',8.91);
INSERT INTO Invoice (InvoiceId,CustomerId,InvoiceDate,BillingAddress,BillingCity,BillingState,BillingCountry,BillingPostalCode,Total) VALUES
	 (201,25,'2011-05-29 00:00:00','319 N. Frances Street','Madison','WI','USA','53703',18.86),
	 (202,39,'2011-06-06 00:00:00','4, Rue Milton','Paris',NULL,'France','75009',1.99),
	 (203,40,'2011-06-19 00:00:00','8, Rue Hanovre','Paris',NULL,'France','75002',2.98),
	 (204,42,'2011-06-19 00:00:00','9, Place Louis Barthou','Bordeaux',NULL,'France','33000',3.98),
	 (205,44,'2011-06-20 00:00:00','Porthaninkatu 9','Helsinki',NULL,'Finland','00530',7.96),
	 (206,48,'2011-06-21 00:00:00','Lijnbaansgracht 120bg','Amsterdam','VV','Netherlands','1016',8.94),
	 (207,54,'2011-06-24 00:00:00','110 Raeburn Pl','Edinburgh ',NULL,'United Kingdom','EH4 1HH',8.91),
	 (208,4,'2011-06-29 00:00:00','Ullevålsveien 14','Oslo',NULL,'Norway','0171',15.86),
	 (209,18,'2011-07-07 00:00:00','627 Broadway','New York','NY','USA','10012-2612',0.99),
	 (210,19,'2011-07-20 00:00:00','1 Infinite Loop','Cupertino','CA','USA','95014',1.98);
INSERT INTO Invoice (InvoiceId,CustomerId,InvoiceDate,BillingAddress,BillingCity,BillingState,BillingCountry,BillingPostalCode,Total) VALUES
	 (211,21,'2011-07-20 00:00:00','801 W 4th Street','Reno','NV','USA','89503',1.98),
	 (212,23,'2011-07-21 00:00:00','69 Salem Street','Boston','MA','USA','2113',3.96),
	 (213,27,'2011-07-22 00:00:00','1033 N Park Ave','Tucson','AZ','USA','85719',5.94),
	 (214,33,'2011-07-25 00:00:00','5112 48 Street','Yellowknife','NT','Canada','X1A 1N6',8.91),
	 (215,42,'2011-07-30 00:00:00','9, Place Louis Barthou','Bordeaux',NULL,'France','33000',13.86),
	 (216,56,'2011-08-07 00:00:00','307 Macacha Güemes','Buenos Aires',NULL,'Argentina','1106',0.99),
	 (217,57,'2011-08-20 00:00:00','Calle Lira, 198','Santiago',NULL,'Chile',NULL,1.98),
	 (218,59,'2011-08-20 00:00:00','3,Raj Bhavan Road','Bangalore',NULL,'India','560001',1.98),
	 (219,2,'2011-08-21 00:00:00','Theodor-Heuss-Straße 34','Stuttgart',NULL,'Germany','70174',3.96),
	 (220,6,'2011-08-22 00:00:00','Rilská 3174/6','Prague',NULL,'Czech Republic','14300',5.94);
INSERT INTO Invoice (InvoiceId,CustomerId,InvoiceDate,BillingAddress,BillingCity,BillingState,BillingCountry,BillingPostalCode,Total) VALUES
	 (221,12,'2011-08-25 00:00:00','Praça Pio X, 119','Rio de Janeiro','RJ','Brazil','20040-020',8.91),
	 (222,21,'2011-08-30 00:00:00','801 W 4th Street','Reno','NV','USA','89503',13.86),
	 (223,35,'2011-09-07 00:00:00','Rua dos Campeões Europeus de Viena, 4350','Porto',NULL,'Portugal',NULL,0.99),
	 (224,36,'2011-09-20 00:00:00','Tauentzienstraße 8','Berlin',NULL,'Germany','10789',1.98),
	 (225,38,'2011-09-20 00:00:00','Barbarossastraße 19','Berlin',NULL,'Germany','10779',1.98),
	 (226,40,'2011-09-21 00:00:00','8, Rue Hanovre','Paris',NULL,'France','75002',3.96),
	 (227,44,'2011-09-22 00:00:00','Porthaninkatu 9','Helsinki',NULL,'Finland','00530',5.94),
	 (228,50,'2011-09-25 00:00:00','C/ San Bernardo 85','Madrid',NULL,'Spain','28015',8.91),
	 (229,59,'2011-09-30 00:00:00','3,Raj Bhavan Road','Bangalore',NULL,'India','560001',13.86),
	 (230,14,'2011-10-08 00:00:00','8210 111 ST NW','Edmonton','AB','Canada','T6G 2C7',0.99);
INSERT INTO Invoice (InvoiceId,CustomerId,InvoiceDate,BillingAddress,BillingCity,BillingState,BillingCountry,BillingPostalCode,Total) VALUES
	 (231,15,'2011-10-21 00:00:00','700 W Pender Street','Vancouver','BC','Canada','V6C 1G8',1.98),
	 (232,17,'2011-10-21 00:00:00','1 Microsoft Way','Redmond','WA','USA','98052-8300',1.98),
	 (233,19,'2011-10-22 00:00:00','1 Infinite Loop','Cupertino','CA','USA','95014',3.96),
	 (234,23,'2011-10-23 00:00:00','69 Salem Street','Boston','MA','USA','2113',5.94),
	 (235,29,'2011-10-26 00:00:00','796 Dundas Street West','Toronto','ON','Canada','M6J 1V1',8.91),
	 (236,38,'2011-10-31 00:00:00','Barbarossastraße 19','Berlin',NULL,'Germany','10779',13.86),
	 (237,52,'2011-11-08 00:00:00','202 Hoxton Street','London',NULL,'United Kingdom','N1 5LH',0.99),
	 (238,53,'2011-11-21 00:00:00','113 Lupus St','London',NULL,'United Kingdom','SW1V 3EN',1.98),
	 (239,55,'2011-11-21 00:00:00','421 Bourke Street','Sidney','NSW','Australia','2010',1.98),
	 (240,57,'2011-11-22 00:00:00','Calle Lira, 198','Santiago',NULL,'Chile',NULL,3.96);
INSERT INTO Invoice (InvoiceId,CustomerId,InvoiceDate,BillingAddress,BillingCity,BillingState,BillingCountry,BillingPostalCode,Total) VALUES
	 (241,2,'2011-11-23 00:00:00','Theodor-Heuss-Straße 34','Stuttgart',NULL,'Germany','70174',5.94),
	 (242,8,'2011-11-26 00:00:00','Grétrystraat 63','Brussels',NULL,'Belgium','1000',8.91),
	 (243,17,'2011-12-01 00:00:00','1 Microsoft Way','Redmond','WA','USA','98052-8300',13.86),
	 (244,31,'2011-12-09 00:00:00','194A Chain Lake Drive','Halifax','NS','Canada','B3S 1C5',0.99),
	 (245,32,'2011-12-22 00:00:00','696 Osborne Street','Winnipeg','MB','Canada','R3L 2B9',1.98),
	 (246,34,'2011-12-22 00:00:00','Rua da Assunção 53','Lisbon',NULL,'Portugal',NULL,1.98),
	 (247,36,'2011-12-23 00:00:00','Tauentzienstraße 8','Berlin',NULL,'Germany','10789',3.96),
	 (248,40,'2011-12-24 00:00:00','8, Rue Hanovre','Paris',NULL,'France','75002',5.94),
	 (249,46,'2011-12-27 00:00:00','3 Chatham Street','Dublin','Dublin','Ireland',NULL,8.91),
	 (250,55,'2012-01-01 00:00:00','421 Bourke Street','Sidney','NSW','Australia','2010',13.86);
INSERT INTO Invoice (InvoiceId,CustomerId,InvoiceDate,BillingAddress,BillingCity,BillingState,BillingCountry,BillingPostalCode,Total) VALUES
	 (251,10,'2012-01-09 00:00:00','Rua Dr. Falcão Filho, 155','São Paulo','SP','Brazil','01007-010',0.99),
	 (252,11,'2012-01-22 00:00:00','Av. Paulista, 2022','São Paulo','SP','Brazil','01310-200',1.98),
	 (253,13,'2012-01-22 00:00:00','Qe 7 Bloco G','Brasília','DF','Brazil','71020-677',1.98),
	 (254,15,'2012-01-23 00:00:00','700 W Pender Street','Vancouver','BC','Canada','V6C 1G8',3.96),
	 (255,19,'2012-01-24 00:00:00','1 Infinite Loop','Cupertino','CA','USA','95014',5.94),
	 (256,25,'2012-01-27 00:00:00','319 N. Frances Street','Madison','WI','USA','53703',8.91),
	 (257,34,'2012-02-01 00:00:00','Rua da Assunção 53','Lisbon',NULL,'Portugal',NULL,13.86),
	 (258,48,'2012-02-09 00:00:00','Lijnbaansgracht 120bg','Amsterdam','VV','Netherlands','1016',0.99),
	 (259,49,'2012-02-22 00:00:00','Ordynacka 10','Warsaw',NULL,'Poland','00-358',1.98),
	 (260,51,'2012-02-22 00:00:00','Celsiusg. 9','Stockholm',NULL,'Sweden','11230',1.98);
INSERT INTO Invoice (InvoiceId,CustomerId,InvoiceDate,BillingAddress,BillingCity,BillingState,BillingCountry,BillingPostalCode,Total) VALUES
	 (261,53,'2012-02-23 00:00:00','113 Lupus St','London',NULL,'United Kingdom','SW1V 3EN',3.96),
	 (262,57,'2012-02-24 00:00:00','Calle Lira, 198','Santiago',NULL,'Chile',NULL,5.94),
	 (263,4,'2012-02-27 00:00:00','Ullevålsveien 14','Oslo',NULL,'Norway','0171',8.91),
	 (264,13,'2012-03-03 00:00:00','Qe 7 Bloco G','Brasília','DF','Brazil','71020-677',13.86),
	 (265,27,'2012-03-11 00:00:00','1033 N Park Ave','Tucson','AZ','USA','85719',0.99),
	 (266,28,'2012-03-24 00:00:00','302 S 700 E','Salt Lake City','UT','USA','84102',1.98),
	 (267,30,'2012-03-24 00:00:00','230 Elgin Street','Ottawa','ON','Canada','K2P 1L7',1.98),
	 (268,32,'2012-03-25 00:00:00','696 Osborne Street','Winnipeg','MB','Canada','R3L 2B9',3.96),
	 (269,36,'2012-03-26 00:00:00','Tauentzienstraße 8','Berlin',NULL,'Germany','10789',5.94),
	 (270,42,'2012-03-29 00:00:00','9, Place Louis Barthou','Bordeaux',NULL,'France','33000',8.91);
INSERT INTO Invoice (InvoiceId,CustomerId,InvoiceDate,BillingAddress,BillingCity,BillingState,BillingCountry,BillingPostalCode,Total) VALUES
	 (271,51,'2012-04-03 00:00:00','Celsiusg. 9','Stockholm',NULL,'Sweden','11230',13.86),
	 (272,6,'2012-04-11 00:00:00','Rilská 3174/6','Prague',NULL,'Czech Republic','14300',0.99),
	 (273,7,'2012-04-24 00:00:00','Rotenturmstraße 4, 1010 Innere Stadt','Vienne',NULL,'Austria','1010',1.98),
	 (274,9,'2012-04-24 00:00:00','Sønder Boulevard 51','Copenhagen',NULL,'Denmark','1720',1.98),
	 (275,11,'2012-04-25 00:00:00','Av. Paulista, 2022','São Paulo','SP','Brazil','01310-200',3.96),
	 (276,15,'2012-04-26 00:00:00','700 W Pender Street','Vancouver','BC','Canada','V6C 1G8',5.94),
	 (277,21,'2012-04-29 00:00:00','801 W 4th Street','Reno','NV','USA','89503',8.91),
	 (278,30,'2012-05-04 00:00:00','230 Elgin Street','Ottawa','ON','Canada','K2P 1L7',13.86),
	 (279,44,'2012-05-12 00:00:00','Porthaninkatu 9','Helsinki',NULL,'Finland','00530',0.99),
	 (280,45,'2012-05-25 00:00:00','Erzsébet krt. 58.','Budapest',NULL,'Hungary','H-1073',1.98);
INSERT INTO Invoice (InvoiceId,CustomerId,InvoiceDate,BillingAddress,BillingCity,BillingState,BillingCountry,BillingPostalCode,Total) VALUES
	 (281,47,'2012-05-25 00:00:00','Via Degli Scipioni, 43','Rome','RM','Italy','00192',1.98),
	 (282,49,'2012-05-26 00:00:00','Ordynacka 10','Warsaw',NULL,'Poland','00-358',3.96),
	 (283,53,'2012-05-27 00:00:00','113 Lupus St','London',NULL,'United Kingdom','SW1V 3EN',5.94),
	 (284,59,'2012-05-30 00:00:00','3,Raj Bhavan Road','Bangalore',NULL,'India','560001',8.91),
	 (285,9,'2012-06-04 00:00:00','Sønder Boulevard 51','Copenhagen',NULL,'Denmark','1720',13.86),
	 (286,23,'2012-06-12 00:00:00','69 Salem Street','Boston','MA','USA','2113',0.99),
	 (287,24,'2012-06-25 00:00:00','162 E Superior Street','Chicago','IL','USA','60611',1.98),
	 (288,26,'2012-06-25 00:00:00','2211 W Berry Street','Fort Worth','TX','USA','76110',1.98),
	 (289,28,'2012-06-26 00:00:00','302 S 700 E','Salt Lake City','UT','USA','84102',3.96),
	 (290,32,'2012-06-27 00:00:00','696 Osborne Street','Winnipeg','MB','Canada','R3L 2B9',5.94);
INSERT INTO Invoice (InvoiceId,CustomerId,InvoiceDate,BillingAddress,BillingCity,BillingState,BillingCountry,BillingPostalCode,Total) VALUES
	 (291,38,'2012-06-30 00:00:00','Barbarossastraße 19','Berlin',NULL,'Germany','10779',8.91),
	 (292,47,'2012-07-05 00:00:00','Via Degli Scipioni, 43','Rome','RM','Italy','00192',13.86),
	 (293,2,'2012-07-13 00:00:00','Theodor-Heuss-Straße 34','Stuttgart',NULL,'Germany','70174',0.99),
	 (294,3,'2012-07-26 00:00:00','1498 rue Bélanger','Montréal','QC','Canada','H2G 1A7',1.98),
	 (295,5,'2012-07-26 00:00:00','Klanova 9/506','Prague',NULL,'Czech Republic','14700',1.98),
	 (296,7,'2012-07-27 00:00:00','Rotenturmstraße 4, 1010 Innere Stadt','Vienne',NULL,'Austria','1010',3.96),
	 (297,11,'2012-07-28 00:00:00','Av. Paulista, 2022','São Paulo','SP','Brazil','01310-200',5.94),
	 (298,17,'2012-07-31 00:00:00','1 Microsoft Way','Redmond','WA','USA','98052-8300',10.91),
	 (299,26,'2012-08-05 00:00:00','2211 W Berry Street','Fort Worth','TX','USA','76110',23.86),
	 (300,40,'2012-08-13 00:00:00','8, Rue Hanovre','Paris',NULL,'France','75002',0.99);
INSERT INTO Invoice (InvoiceId,CustomerId,InvoiceDate,BillingAddress,BillingCity,BillingState,BillingCountry,BillingPostalCode,Total) VALUES
	 (301,41,'2012-08-26 00:00:00','11, Place Bellecour','Lyon',NULL,'France','69002',1.98),
	 (302,43,'2012-08-26 00:00:00','68, Rue Jouvence','Dijon',NULL,'France','21000',1.98),
	 (303,45,'2012-08-27 00:00:00','Erzsébet krt. 58.','Budapest',NULL,'Hungary','H-1073',3.96),
	 (304,49,'2012-08-28 00:00:00','Ordynacka 10','Warsaw',NULL,'Poland','00-358',5.94),
	 (305,55,'2012-08-31 00:00:00','421 Bourke Street','Sidney','NSW','Australia','2010',8.91),
	 (306,5,'2012-09-05 00:00:00','Klanova 9/506','Prague',NULL,'Czech Republic','14700',16.86),
	 (307,19,'2012-09-13 00:00:00','1 Infinite Loop','Cupertino','CA','USA','95014',1.99),
	 (308,20,'2012-09-26 00:00:00','541 Del Medio Avenue','Mountain View','CA','USA','94040-111',3.98),
	 (309,22,'2012-09-26 00:00:00','120 S Orange Ave','Orlando','FL','USA','32801',3.98),
	 (310,24,'2012-09-27 00:00:00','162 E Superior Street','Chicago','IL','USA','60611',7.96);
INSERT INTO Invoice (InvoiceId,CustomerId,InvoiceDate,BillingAddress,BillingCity,BillingState,BillingCountry,BillingPostalCode,Total) VALUES
	 (311,28,'2012-09-28 00:00:00','302 S 700 E','Salt Lake City','UT','USA','84102',11.94),
	 (312,34,'2012-10-01 00:00:00','Rua da Assunção 53','Lisbon',NULL,'Portugal',NULL,10.91),
	 (313,43,'2012-10-06 00:00:00','68, Rue Jouvence','Dijon',NULL,'France','21000',16.86),
	 (314,57,'2012-10-14 00:00:00','Calle Lira, 198','Santiago',NULL,'Chile',NULL,0.99),
	 (315,58,'2012-10-27 00:00:00','12,Community Centre','Delhi',NULL,'India','110017',1.98),
	 (316,1,'2012-10-27 00:00:00','Av. Brigadeiro Faria Lima, 2170','São José dos Campos','SP','Brazil','12227-000',1.98),
	 (317,3,'2012-10-28 00:00:00','1498 rue Bélanger','Montréal','QC','Canada','H2G 1A7',3.96),
	 (318,7,'2012-10-29 00:00:00','Rotenturmstraße 4, 1010 Innere Stadt','Vienne',NULL,'Austria','1010',5.94),
	 (319,13,'2012-11-01 00:00:00','Qe 7 Bloco G','Brasília','DF','Brazil','71020-677',8.91),
	 (320,22,'2012-11-06 00:00:00','120 S Orange Ave','Orlando','FL','USA','32801',13.86);
INSERT INTO Invoice (InvoiceId,CustomerId,InvoiceDate,BillingAddress,BillingCity,BillingState,BillingCountry,BillingPostalCode,Total) VALUES
	 (321,36,'2012-11-14 00:00:00','Tauentzienstraße 8','Berlin',NULL,'Germany','10789',0.99),
	 (322,37,'2012-11-27 00:00:00','Berger Straße 10','Frankfurt',NULL,'Germany','60316',1.98),
	 (323,39,'2012-11-27 00:00:00','4, Rue Milton','Paris',NULL,'France','75009',1.98),
	 (324,41,'2012-11-28 00:00:00','11, Place Bellecour','Lyon',NULL,'France','69002',3.96),
	 (325,45,'2012-11-29 00:00:00','Erzsébet krt. 58.','Budapest',NULL,'Hungary','H-1073',5.94),
	 (326,51,'2012-12-02 00:00:00','Celsiusg. 9','Stockholm',NULL,'Sweden','11230',8.91),
	 (327,1,'2012-12-07 00:00:00','Av. Brigadeiro Faria Lima, 2170','São José dos Campos','SP','Brazil','12227-000',13.86),
	 (328,15,'2012-12-15 00:00:00','700 W Pender Street','Vancouver','BC','Canada','V6C 1G8',0.99),
	 (329,16,'2012-12-28 00:00:00','1600 Amphitheatre Parkway','Mountain View','CA','USA','94043-1351',1.98),
	 (330,18,'2012-12-28 00:00:00','627 Broadway','New York','NY','USA','10012-2612',1.98);
INSERT INTO Invoice (InvoiceId,CustomerId,InvoiceDate,BillingAddress,BillingCity,BillingState,BillingCountry,BillingPostalCode,Total) VALUES
	 (331,20,'2012-12-29 00:00:00','541 Del Medio Avenue','Mountain View','CA','USA','94040-111',3.96),
	 (332,24,'2012-12-30 00:00:00','162 E Superior Street','Chicago','IL','USA','60611',5.94),
	 (333,30,'2013-01-02 00:00:00','230 Elgin Street','Ottawa','ON','Canada','K2P 1L7',8.91),
	 (334,39,'2013-01-07 00:00:00','4, Rue Milton','Paris',NULL,'France','75009',13.86),
	 (335,53,'2013-01-15 00:00:00','113 Lupus St','London',NULL,'United Kingdom','SW1V 3EN',0.99),
	 (336,54,'2013-01-28 00:00:00','110 Raeburn Pl','Edinburgh ',NULL,'United Kingdom','EH4 1HH',1.98),
	 (337,56,'2013-01-28 00:00:00','307 Macacha Güemes','Buenos Aires',NULL,'Argentina','1106',1.98),
	 (338,58,'2013-01-29 00:00:00','12,Community Centre','Delhi',NULL,'India','110017',3.96),
	 (339,3,'2013-01-30 00:00:00','1498 rue Bélanger','Montréal','QC','Canada','H2G 1A7',5.94),
	 (340,9,'2013-02-02 00:00:00','Sønder Boulevard 51','Copenhagen',NULL,'Denmark','1720',8.91);
INSERT INTO Invoice (InvoiceId,CustomerId,InvoiceDate,BillingAddress,BillingCity,BillingState,BillingCountry,BillingPostalCode,Total) VALUES
	 (341,18,'2013-02-07 00:00:00','627 Broadway','New York','NY','USA','10012-2612',13.86),
	 (342,32,'2013-02-15 00:00:00','696 Osborne Street','Winnipeg','MB','Canada','R3L 2B9',0.99),
	 (343,33,'2013-02-28 00:00:00','5112 48 Street','Yellowknife','NT','Canada','X1A 1N6',1.98),
	 (344,35,'2013-02-28 00:00:00','Rua dos Campeões Europeus de Viena, 4350','Porto',NULL,'Portugal',NULL,1.98),
	 (345,37,'2013-03-01 00:00:00','Berger Straße 10','Frankfurt',NULL,'Germany','60316',3.96),
	 (346,41,'2013-03-02 00:00:00','11, Place Bellecour','Lyon',NULL,'France','69002',5.94),
	 (347,47,'2013-03-05 00:00:00','Via Degli Scipioni, 43','Rome','RM','Italy','00192',8.91),
	 (348,56,'2013-03-10 00:00:00','307 Macacha Güemes','Buenos Aires',NULL,'Argentina','1106',13.86),
	 (349,11,'2013-03-18 00:00:00','Av. Paulista, 2022','São Paulo','SP','Brazil','01310-200',0.99),
	 (350,12,'2013-03-31 00:00:00','Praça Pio X, 119','Rio de Janeiro','RJ','Brazil','20040-020',1.98);
INSERT INTO Invoice (InvoiceId,CustomerId,InvoiceDate,BillingAddress,BillingCity,BillingState,BillingCountry,BillingPostalCode,Total) VALUES
	 (351,14,'2013-03-31 00:00:00','8210 111 ST NW','Edmonton','AB','Canada','T6G 2C7',1.98),
	 (352,16,'2013-04-01 00:00:00','1600 Amphitheatre Parkway','Mountain View','CA','USA','94043-1351',3.96),
	 (353,20,'2013-04-02 00:00:00','541 Del Medio Avenue','Mountain View','CA','USA','94040-111',5.94),
	 (354,26,'2013-04-05 00:00:00','2211 W Berry Street','Fort Worth','TX','USA','76110',8.91),
	 (355,35,'2013-04-10 00:00:00','Rua dos Campeões Europeus de Viena, 4350','Porto',NULL,'Portugal',NULL,13.86),
	 (356,49,'2013-04-18 00:00:00','Ordynacka 10','Warsaw',NULL,'Poland','00-358',0.99),
	 (357,50,'2013-05-01 00:00:00','C/ San Bernardo 85','Madrid',NULL,'Spain','28015',1.98),
	 (358,52,'2013-05-01 00:00:00','202 Hoxton Street','London',NULL,'United Kingdom','N1 5LH',1.98),
	 (359,54,'2013-05-02 00:00:00','110 Raeburn Pl','Edinburgh ',NULL,'United Kingdom','EH4 1HH',3.96),
	 (360,58,'2013-05-03 00:00:00','12,Community Centre','Delhi',NULL,'India','110017',5.94);
INSERT INTO Invoice (InvoiceId,CustomerId,InvoiceDate,BillingAddress,BillingCity,BillingState,BillingCountry,BillingPostalCode,Total) VALUES
	 (361,5,'2013-05-06 00:00:00','Klanova 9/506','Prague',NULL,'Czech Republic','14700',8.91),
	 (362,14,'2013-05-11 00:00:00','8210 111 ST NW','Edmonton','AB','Canada','T6G 2C7',13.86),
	 (363,28,'2013-05-19 00:00:00','302 S 700 E','Salt Lake City','UT','USA','84102',0.99),
	 (364,29,'2013-06-01 00:00:00','796 Dundas Street West','Toronto','ON','Canada','M6J 1V1',1.98),
	 (365,31,'2013-06-01 00:00:00','194A Chain Lake Drive','Halifax','NS','Canada','B3S 1C5',1.98),
	 (366,33,'2013-06-02 00:00:00','5112 48 Street','Yellowknife','NT','Canada','X1A 1N6',3.96),
	 (367,37,'2013-06-03 00:00:00','Berger Straße 10','Frankfurt',NULL,'Germany','60316',5.94),
	 (368,43,'2013-06-06 00:00:00','68, Rue Jouvence','Dijon',NULL,'France','21000',8.91),
	 (369,52,'2013-06-11 00:00:00','202 Hoxton Street','London',NULL,'United Kingdom','N1 5LH',13.86),
	 (370,7,'2013-06-19 00:00:00','Rotenturmstraße 4, 1010 Innere Stadt','Vienne',NULL,'Austria','1010',0.99);
INSERT INTO Invoice (InvoiceId,CustomerId,InvoiceDate,BillingAddress,BillingCity,BillingState,BillingCountry,BillingPostalCode,Total) VALUES
	 (371,8,'2013-07-02 00:00:00','Grétrystraat 63','Brussels',NULL,'Belgium','1000',1.98),
	 (372,10,'2013-07-02 00:00:00','Rua Dr. Falcão Filho, 155','São Paulo','SP','Brazil','01007-010',1.98),
	 (373,12,'2013-07-03 00:00:00','Praça Pio X, 119','Rio de Janeiro','RJ','Brazil','20040-020',3.96),
	 (374,16,'2013-07-04 00:00:00','1600 Amphitheatre Parkway','Mountain View','CA','USA','94043-1351',5.94),
	 (375,22,'2013-07-07 00:00:00','120 S Orange Ave','Orlando','FL','USA','32801',8.91),
	 (376,31,'2013-07-12 00:00:00','194A Chain Lake Drive','Halifax','NS','Canada','B3S 1C5',13.86),
	 (377,45,'2013-07-20 00:00:00','Erzsébet krt. 58.','Budapest',NULL,'Hungary','H-1073',0.99),
	 (378,46,'2013-08-02 00:00:00','3 Chatham Street','Dublin','Dublin','Ireland',NULL,1.98),
	 (379,48,'2013-08-02 00:00:00','Lijnbaansgracht 120bg','Amsterdam','VV','Netherlands','1016',1.98),
	 (380,50,'2013-08-03 00:00:00','C/ San Bernardo 85','Madrid',NULL,'Spain','28015',3.96);
INSERT INTO Invoice (InvoiceId,CustomerId,InvoiceDate,BillingAddress,BillingCity,BillingState,BillingCountry,BillingPostalCode,Total) VALUES
	 (381,54,'2013-08-04 00:00:00','110 Raeburn Pl','Edinburgh ',NULL,'United Kingdom','EH4 1HH',5.94),
	 (382,1,'2013-08-07 00:00:00','Av. Brigadeiro Faria Lima, 2170','São José dos Campos','SP','Brazil','12227-000',8.91),
	 (383,10,'2013-08-12 00:00:00','Rua Dr. Falcão Filho, 155','São Paulo','SP','Brazil','01007-010',13.86),
	 (384,24,'2013-08-20 00:00:00','162 E Superior Street','Chicago','IL','USA','60611',0.99),
	 (385,25,'2013-09-02 00:00:00','319 N. Frances Street','Madison','WI','USA','53703',1.98),
	 (386,27,'2013-09-02 00:00:00','1033 N Park Ave','Tucson','AZ','USA','85719',1.98),
	 (387,29,'2013-09-03 00:00:00','796 Dundas Street West','Toronto','ON','Canada','M6J 1V1',3.96),
	 (388,33,'2013-09-04 00:00:00','5112 48 Street','Yellowknife','NT','Canada','X1A 1N6',5.94),
	 (389,39,'2013-09-07 00:00:00','4, Rue Milton','Paris',NULL,'France','75009',8.91),
	 (390,48,'2013-09-12 00:00:00','Lijnbaansgracht 120bg','Amsterdam','VV','Netherlands','1016',13.86);
INSERT INTO Invoice (InvoiceId,CustomerId,InvoiceDate,BillingAddress,BillingCity,BillingState,BillingCountry,BillingPostalCode,Total) VALUES
	 (391,3,'2013-09-20 00:00:00','1498 rue Bélanger','Montréal','QC','Canada','H2G 1A7',0.99),
	 (392,4,'2013-10-03 00:00:00','Ullevålsveien 14','Oslo',NULL,'Norway','0171',1.98),
	 (393,6,'2013-10-03 00:00:00','Rilská 3174/6','Prague',NULL,'Czech Republic','14300',1.98),
	 (394,8,'2013-10-04 00:00:00','Grétrystraat 63','Brussels',NULL,'Belgium','1000',3.96),
	 (395,12,'2013-10-05 00:00:00','Praça Pio X, 119','Rio de Janeiro','RJ','Brazil','20040-020',5.94),
	 (396,18,'2013-10-08 00:00:00','627 Broadway','New York','NY','USA','10012-2612',8.91),
	 (397,27,'2013-10-13 00:00:00','1033 N Park Ave','Tucson','AZ','USA','85719',13.86),
	 (398,41,'2013-10-21 00:00:00','11, Place Bellecour','Lyon',NULL,'France','69002',0.99),
	 (399,42,'2013-11-03 00:00:00','9, Place Louis Barthou','Bordeaux',NULL,'France','33000',1.98),
	 (400,44,'2013-11-03 00:00:00','Porthaninkatu 9','Helsinki',NULL,'Finland','00530',1.98);
INSERT INTO Invoice (InvoiceId,CustomerId,InvoiceDate,BillingAddress,BillingCity,BillingState,BillingCountry,BillingPostalCode,Total) VALUES
	 (401,46,'2013-11-04 00:00:00','3 Chatham Street','Dublin','Dublin','Ireland',NULL,3.96),
	 (402,50,'2013-11-05 00:00:00','C/ San Bernardo 85','Madrid',NULL,'Spain','28015',5.94),
	 (403,56,'2013-11-08 00:00:00','307 Macacha Güemes','Buenos Aires',NULL,'Argentina','1106',8.91),
	 (404,6,'2013-11-13 00:00:00','Rilská 3174/6','Prague',NULL,'Czech Republic','14300',25.86),
	 (405,20,'2013-11-21 00:00:00','541 Del Medio Avenue','Mountain View','CA','USA','94040-111',0.99),
	 (406,21,'2013-12-04 00:00:00','801 W 4th Street','Reno','NV','USA','89503',1.98),
	 (407,23,'2013-12-04 00:00:00','69 Salem Street','Boston','MA','USA','2113',1.98),
	 (408,25,'2013-12-05 00:00:00','319 N. Frances Street','Madison','WI','USA','53703',3.96),
	 (409,29,'2013-12-06 00:00:00','796 Dundas Street West','Toronto','ON','Canada','M6J 1V1',5.94),
	 (410,35,'2013-12-09 00:00:00','Rua dos Campeões Europeus de Viena, 4350','Porto',NULL,'Portugal',NULL,8.91);
INSERT INTO Invoice (InvoiceId,CustomerId,InvoiceDate,BillingAddress,BillingCity,BillingState,BillingCountry,BillingPostalCode,Total) VALUES
	 (411,44,'2013-12-14 00:00:00','Porthaninkatu 9','Helsinki',NULL,'Finland','00530',13.86),
	 (412,58,'2013-12-22 00:00:00','12,Community Centre','Delhi',NULL,'India','110017',1.99);
INSERT INTO InvoiceLine (InvoiceLineId,InvoiceId,TrackId,UnitPrice,Quantity) VALUES
	 (1,1,2,0.99,1),
	 (2,1,4,0.99,1),
	 (3,2,6,0.99,1),
	 (4,2,8,0.99,1),
	 (5,2,10,0.99,1),
	 (6,2,12,0.99,1),
	 (7,3,16,0.99,1),
	 (8,3,20,0.99,1),
	 (9,3,24,0.99,1),
	 (10,3,28,0.99,1);
INSERT INTO InvoiceLine (InvoiceLineId,InvoiceId,TrackId,UnitPrice,Quantity) VALUES
	 (11,3,32,0.99,1),
	 (12,3,36,0.99,1),
	 (13,4,42,0.99,1),
	 (14,4,48,0.99,1),
	 (15,4,54,0.99,1),
	 (16,4,60,0.99,1),
	 (17,4,66,0.99,1),
	 (18,4,72,0.99,1),
	 (19,4,78,0.99,1),
	 (20,4,84,0.99,1);
INSERT INTO InvoiceLine (InvoiceLineId,InvoiceId,TrackId,UnitPrice,Quantity) VALUES
	 (21,4,90,0.99,1),
	 (22,5,99,0.99,1),
	 (23,5,108,0.99,1),
	 (24,5,117,0.99,1),
	 (25,5,126,0.99,1),
	 (26,5,135,0.99,1),
	 (27,5,144,0.99,1),
	 (28,5,153,0.99,1),
	 (29,5,162,0.99,1),
	 (30,5,171,0.99,1);
INSERT INTO InvoiceLine (InvoiceLineId,InvoiceId,TrackId,UnitPrice,Quantity) VALUES
	 (31,5,180,0.99,1),
	 (32,5,189,0.99,1),
	 (33,5,198,0.99,1),
	 (34,5,207,0.99,1),
	 (35,5,216,0.99,1),
	 (36,6,230,0.99,1),
	 (37,7,231,0.99,1),
	 (38,7,232,0.99,1),
	 (39,8,234,0.99,1),
	 (40,8,236,0.99,1);
INSERT INTO InvoiceLine (InvoiceLineId,InvoiceId,TrackId,UnitPrice,Quantity) VALUES
	 (41,9,238,0.99,1),
	 (42,9,240,0.99,1),
	 (43,9,242,0.99,1),
	 (44,9,244,0.99,1),
	 (45,10,248,0.99,1),
	 (46,10,252,0.99,1),
	 (47,10,256,0.99,1),
	 (48,10,260,0.99,1),
	 (49,10,264,0.99,1),
	 (50,10,268,0.99,1);
INSERT INTO InvoiceLine (InvoiceLineId,InvoiceId,TrackId,UnitPrice,Quantity) VALUES
	 (51,11,274,0.99,1),
	 (52,11,280,0.99,1),
	 (53,11,286,0.99,1),
	 (54,11,292,0.99,1),
	 (55,11,298,0.99,1),
	 (56,11,304,0.99,1),
	 (57,11,310,0.99,1),
	 (58,11,316,0.99,1),
	 (59,11,322,0.99,1),
	 (60,12,331,0.99,1);
INSERT INTO InvoiceLine (InvoiceLineId,InvoiceId,TrackId,UnitPrice,Quantity) VALUES
	 (61,12,340,0.99,1),
	 (62,12,349,0.99,1),
	 (63,12,358,0.99,1),
	 (64,12,367,0.99,1),
	 (65,12,376,0.99,1),
	 (66,12,385,0.99,1),
	 (67,12,394,0.99,1),
	 (68,12,403,0.99,1),
	 (69,12,412,0.99,1),
	 (70,12,421,0.99,1);
INSERT INTO InvoiceLine (InvoiceLineId,InvoiceId,TrackId,UnitPrice,Quantity) VALUES
	 (71,12,430,0.99,1),
	 (72,12,439,0.99,1),
	 (73,12,448,0.99,1),
	 (74,13,462,0.99,1),
	 (75,14,463,0.99,1),
	 (76,14,464,0.99,1),
	 (77,15,466,0.99,1),
	 (78,15,468,0.99,1),
	 (79,16,470,0.99,1),
	 (80,16,472,0.99,1);
INSERT INTO InvoiceLine (InvoiceLineId,InvoiceId,TrackId,UnitPrice,Quantity) VALUES
	 (81,16,474,0.99,1),
	 (82,16,476,0.99,1),
	 (83,17,480,0.99,1),
	 (84,17,484,0.99,1),
	 (85,17,488,0.99,1),
	 (86,17,492,0.99,1),
	 (87,17,496,0.99,1),
	 (88,17,500,0.99,1),
	 (89,18,506,0.99,1),
	 (90,18,512,0.99,1);
INSERT INTO InvoiceLine (InvoiceLineId,InvoiceId,TrackId,UnitPrice,Quantity) VALUES
	 (91,18,518,0.99,1),
	 (92,18,524,0.99,1),
	 (93,18,530,0.99,1),
	 (94,18,536,0.99,1),
	 (95,18,542,0.99,1),
	 (96,18,548,0.99,1),
	 (97,18,554,0.99,1),
	 (98,19,563,0.99,1),
	 (99,19,572,0.99,1),
	 (100,19,581,0.99,1);
INSERT INTO InvoiceLine (InvoiceLineId,InvoiceId,TrackId,UnitPrice,Quantity) VALUES
	 (101,19,590,0.99,1),
	 (102,19,599,0.99,1),
	 (103,19,608,0.99,1),
	 (104,19,617,0.99,1),
	 (105,19,626,0.99,1),
	 (106,19,635,0.99,1),
	 (107,19,644,0.99,1),
	 (108,19,653,0.99,1),
	 (109,19,662,0.99,1),
	 (110,19,671,0.99,1);
INSERT INTO InvoiceLine (InvoiceLineId,InvoiceId,TrackId,UnitPrice,Quantity) VALUES
	 (111,19,680,0.99,1),
	 (112,20,694,0.99,1),
	 (113,21,695,0.99,1),
	 (114,21,696,0.99,1),
	 (115,22,698,0.99,1),
	 (116,22,700,0.99,1),
	 (117,23,702,0.99,1),
	 (118,23,704,0.99,1),
	 (119,23,706,0.99,1),
	 (120,23,708,0.99,1);
INSERT INTO InvoiceLine (InvoiceLineId,InvoiceId,TrackId,UnitPrice,Quantity) VALUES
	 (121,24,712,0.99,1),
	 (122,24,716,0.99,1),
	 (123,24,720,0.99,1),
	 (124,24,724,0.99,1),
	 (125,24,728,0.99,1),
	 (126,24,732,0.99,1),
	 (127,25,738,0.99,1),
	 (128,25,744,0.99,1),
	 (129,25,750,0.99,1),
	 (130,25,756,0.99,1);
INSERT INTO InvoiceLine (InvoiceLineId,InvoiceId,TrackId,UnitPrice,Quantity) VALUES
	 (131,25,762,0.99,1),
	 (132,25,768,0.99,1),
	 (133,25,774,0.99,1),
	 (134,25,780,0.99,1),
	 (135,25,786,0.99,1),
	 (136,26,795,0.99,1),
	 (137,26,804,0.99,1),
	 (138,26,813,0.99,1),
	 (139,26,822,0.99,1),
	 (140,26,831,0.99,1);
INSERT INTO InvoiceLine (InvoiceLineId,InvoiceId,TrackId,UnitPrice,Quantity) VALUES
	 (141,26,840,0.99,1),
	 (142,26,849,0.99,1),
	 (143,26,858,0.99,1),
	 (144,26,867,0.99,1),
	 (145,26,876,0.99,1),
	 (146,26,885,0.99,1),
	 (147,26,894,0.99,1),
	 (148,26,903,0.99,1),
	 (149,26,912,0.99,1),
	 (150,27,926,0.99,1);
INSERT INTO InvoiceLine (InvoiceLineId,InvoiceId,TrackId,UnitPrice,Quantity) VALUES
	 (151,28,927,0.99,1),
	 (152,28,928,0.99,1),
	 (153,29,930,0.99,1),
	 (154,29,932,0.99,1),
	 (155,30,934,0.99,1),
	 (156,30,936,0.99,1),
	 (157,30,938,0.99,1),
	 (158,30,940,0.99,1),
	 (159,31,944,0.99,1),
	 (160,31,948,0.99,1);
INSERT INTO InvoiceLine (InvoiceLineId,InvoiceId,TrackId,UnitPrice,Quantity) VALUES
	 (161,31,952,0.99,1),
	 (162,31,956,0.99,1),
	 (163,31,960,0.99,1),
	 (164,31,964,0.99,1),
	 (165,32,970,0.99,1),
	 (166,32,976,0.99,1),
	 (167,32,982,0.99,1),
	 (168,32,988,0.99,1),
	 (169,32,994,0.99,1),
	 (170,32,1000,0.99,1);
INSERT INTO InvoiceLine (InvoiceLineId,InvoiceId,TrackId,UnitPrice,Quantity) VALUES
	 (171,32,1006,0.99,1),
	 (172,32,1012,0.99,1),
	 (173,32,1018,0.99,1),
	 (174,33,1027,0.99,1),
	 (175,33,1036,0.99,1),
	 (176,33,1045,0.99,1),
	 (177,33,1054,0.99,1),
	 (178,33,1063,0.99,1),
	 (179,33,1072,0.99,1),
	 (180,33,1081,0.99,1);
INSERT INTO InvoiceLine (InvoiceLineId,InvoiceId,TrackId,UnitPrice,Quantity) VALUES
	 (181,33,1090,0.99,1),
	 (182,33,1099,0.99,1),
	 (183,33,1108,0.99,1),
	 (184,33,1117,0.99,1),
	 (185,33,1126,0.99,1),
	 (186,33,1135,0.99,1),
	 (187,33,1144,0.99,1),
	 (188,34,1158,0.99,1),
	 (189,35,1159,0.99,1),
	 (190,35,1160,0.99,1);
INSERT INTO InvoiceLine (InvoiceLineId,InvoiceId,TrackId,UnitPrice,Quantity) VALUES
	 (191,36,1162,0.99,1),
	 (192,36,1164,0.99,1),
	 (193,37,1166,0.99,1),
	 (194,37,1168,0.99,1),
	 (195,37,1170,0.99,1),
	 (196,37,1172,0.99,1),
	 (197,38,1176,0.99,1),
	 (198,38,1180,0.99,1),
	 (199,38,1184,0.99,1),
	 (200,38,1188,0.99,1);
INSERT INTO InvoiceLine (InvoiceLineId,InvoiceId,TrackId,UnitPrice,Quantity) VALUES
	 (201,38,1192,0.99,1),
	 (202,38,1196,0.99,1),
	 (203,39,1202,0.99,1),
	 (204,39,1208,0.99,1),
	 (205,39,1214,0.99,1),
	 (206,39,1220,0.99,1),
	 (207,39,1226,0.99,1),
	 (208,39,1232,0.99,1),
	 (209,39,1238,0.99,1),
	 (210,39,1244,0.99,1);
INSERT INTO InvoiceLine (InvoiceLineId,InvoiceId,TrackId,UnitPrice,Quantity) VALUES
	 (211,39,1250,0.99,1),
	 (212,40,1259,0.99,1),
	 (213,40,1268,0.99,1),
	 (214,40,1277,0.99,1),
	 (215,40,1286,0.99,1),
	 (216,40,1295,0.99,1),
	 (217,40,1304,0.99,1),
	 (218,40,1313,0.99,1),
	 (219,40,1322,0.99,1),
	 (220,40,1331,0.99,1);
INSERT INTO InvoiceLine (InvoiceLineId,InvoiceId,TrackId,UnitPrice,Quantity) VALUES
	 (221,40,1340,0.99,1),
	 (222,40,1349,0.99,1),
	 (223,40,1358,0.99,1),
	 (224,40,1367,0.99,1),
	 (225,40,1376,0.99,1),
	 (226,41,1390,0.99,1),
	 (227,42,1391,0.99,1),
	 (228,42,1392,0.99,1),
	 (229,43,1394,0.99,1),
	 (230,43,1396,0.99,1);
INSERT INTO InvoiceLine (InvoiceLineId,InvoiceId,TrackId,UnitPrice,Quantity) VALUES
	 (231,44,1398,0.99,1),
	 (232,44,1400,0.99,1),
	 (233,44,1402,0.99,1),
	 (234,44,1404,0.99,1),
	 (235,45,1408,0.99,1),
	 (236,45,1412,0.99,1),
	 (237,45,1416,0.99,1),
	 (238,45,1420,0.99,1),
	 (239,45,1424,0.99,1),
	 (240,45,1428,0.99,1);
INSERT INTO InvoiceLine (InvoiceLineId,InvoiceId,TrackId,UnitPrice,Quantity) VALUES
	 (241,46,1434,0.99,1),
	 (242,46,1440,0.99,1),
	 (243,46,1446,0.99,1),
	 (244,46,1452,0.99,1),
	 (245,46,1458,0.99,1),
	 (246,46,1464,0.99,1),
	 (247,46,1470,0.99,1),
	 (248,46,1476,0.99,1),
	 (249,46,1482,0.99,1),
	 (250,47,1491,0.99,1);
INSERT INTO InvoiceLine (InvoiceLineId,InvoiceId,TrackId,UnitPrice,Quantity) VALUES
	 (251,47,1500,0.99,1),
	 (252,47,1509,0.99,1),
	 (253,47,1518,0.99,1),
	 (254,47,1527,0.99,1),
	 (255,47,1536,0.99,1),
	 (256,47,1545,0.99,1),
	 (257,47,1554,0.99,1),
	 (258,47,1563,0.99,1),
	 (259,47,1572,0.99,1),
	 (260,47,1581,0.99,1);
INSERT INTO InvoiceLine (InvoiceLineId,InvoiceId,TrackId,UnitPrice,Quantity) VALUES
	 (261,47,1590,0.99,1),
	 (262,47,1599,0.99,1),
	 (263,47,1608,0.99,1),
	 (264,48,1622,0.99,1),
	 (265,49,1623,0.99,1),
	 (266,49,1624,0.99,1),
	 (267,50,1626,0.99,1),
	 (268,50,1628,0.99,1),
	 (269,51,1630,0.99,1),
	 (270,51,1632,0.99,1);
INSERT INTO InvoiceLine (InvoiceLineId,InvoiceId,TrackId,UnitPrice,Quantity) VALUES
	 (271,51,1634,0.99,1),
	 (272,51,1636,0.99,1),
	 (273,52,1640,0.99,1),
	 (274,52,1644,0.99,1),
	 (275,52,1648,0.99,1),
	 (276,52,1652,0.99,1),
	 (277,52,1656,0.99,1),
	 (278,52,1660,0.99,1),
	 (279,53,1666,0.99,1),
	 (280,53,1672,0.99,1);
INSERT INTO InvoiceLine (InvoiceLineId,InvoiceId,TrackId,UnitPrice,Quantity) VALUES
	 (281,53,1678,0.99,1),
	 (282,53,1684,0.99,1),
	 (283,53,1690,0.99,1),
	 (284,53,1696,0.99,1),
	 (285,53,1702,0.99,1),
	 (286,53,1708,0.99,1),
	 (287,53,1714,0.99,1),
	 (288,54,1723,0.99,1),
	 (289,54,1732,0.99,1),
	 (290,54,1741,0.99,1);
INSERT INTO InvoiceLine (InvoiceLineId,InvoiceId,TrackId,UnitPrice,Quantity) VALUES
	 (291,54,1750,0.99,1),
	 (292,54,1759,0.99,1),
	 (293,54,1768,0.99,1),
	 (294,54,1777,0.99,1),
	 (295,54,1786,0.99,1),
	 (296,54,1795,0.99,1),
	 (297,54,1804,0.99,1),
	 (298,54,1813,0.99,1),
	 (299,54,1822,0.99,1),
	 (300,54,1831,0.99,1);
INSERT INTO InvoiceLine (InvoiceLineId,InvoiceId,TrackId,UnitPrice,Quantity) VALUES
	 (301,54,1840,0.99,1),
	 (302,55,1854,0.99,1),
	 (303,56,1855,0.99,1),
	 (304,56,1856,0.99,1),
	 (305,57,1858,0.99,1),
	 (306,57,1860,0.99,1),
	 (307,58,1862,0.99,1),
	 (308,58,1864,0.99,1),
	 (309,58,1866,0.99,1),
	 (310,58,1868,0.99,1);
INSERT INTO InvoiceLine (InvoiceLineId,InvoiceId,TrackId,UnitPrice,Quantity) VALUES
	 (311,59,1872,0.99,1),
	 (312,59,1876,0.99,1),
	 (313,59,1880,0.99,1),
	 (314,59,1884,0.99,1),
	 (315,59,1888,0.99,1),
	 (316,59,1892,0.99,1),
	 (317,60,1898,0.99,1),
	 (318,60,1904,0.99,1),
	 (319,60,1910,0.99,1),
	 (320,60,1916,0.99,1);
INSERT INTO InvoiceLine (InvoiceLineId,InvoiceId,TrackId,UnitPrice,Quantity) VALUES
	 (321,60,1922,0.99,1),
	 (322,60,1928,0.99,1),
	 (323,60,1934,0.99,1),
	 (324,60,1940,0.99,1),
	 (325,60,1946,0.99,1),
	 (326,61,1955,0.99,1),
	 (327,61,1964,0.99,1),
	 (328,61,1973,0.99,1),
	 (329,61,1982,0.99,1),
	 (330,61,1991,0.99,1);
INSERT INTO InvoiceLine (InvoiceLineId,InvoiceId,TrackId,UnitPrice,Quantity) VALUES
	 (331,61,2000,0.99,1),
	 (332,61,2009,0.99,1),
	 (333,61,2018,0.99,1),
	 (334,61,2027,0.99,1),
	 (335,61,2036,0.99,1),
	 (336,61,2045,0.99,1),
	 (337,61,2054,0.99,1),
	 (338,61,2063,0.99,1),
	 (339,61,2072,0.99,1),
	 (340,62,2086,0.99,1);
INSERT INTO InvoiceLine (InvoiceLineId,InvoiceId,TrackId,UnitPrice,Quantity) VALUES
	 (341,63,2087,0.99,1),
	 (342,63,2088,0.99,1),
	 (343,64,2090,0.99,1),
	 (344,64,2092,0.99,1),
	 (345,65,2094,0.99,1),
	 (346,65,2096,0.99,1),
	 (347,65,2098,0.99,1),
	 (348,65,2100,0.99,1),
	 (349,66,2104,0.99,1),
	 (350,66,2108,0.99,1);
INSERT INTO InvoiceLine (InvoiceLineId,InvoiceId,TrackId,UnitPrice,Quantity) VALUES
	 (351,66,2112,0.99,1),
	 (352,66,2116,0.99,1),
	 (353,66,2120,0.99,1),
	 (354,66,2124,0.99,1),
	 (355,67,2130,0.99,1),
	 (356,67,2136,0.99,1),
	 (357,67,2142,0.99,1),
	 (358,67,2148,0.99,1),
	 (359,67,2154,0.99,1),
	 (360,67,2160,0.99,1);
INSERT INTO InvoiceLine (InvoiceLineId,InvoiceId,TrackId,UnitPrice,Quantity) VALUES
	 (361,67,2166,0.99,1),
	 (362,67,2172,0.99,1),
	 (363,67,2178,0.99,1),
	 (364,68,2187,0.99,1),
	 (365,68,2196,0.99,1),
	 (366,68,2205,0.99,1),
	 (367,68,2214,0.99,1),
	 (368,68,2223,0.99,1),
	 (369,68,2232,0.99,1),
	 (370,68,2241,0.99,1);
INSERT INTO InvoiceLine (InvoiceLineId,InvoiceId,TrackId,UnitPrice,Quantity) VALUES
	 (371,68,2250,0.99,1),
	 (372,68,2259,0.99,1),
	 (373,68,2268,0.99,1),
	 (374,68,2277,0.99,1),
	 (375,68,2286,0.99,1),
	 (376,68,2295,0.99,1),
	 (377,68,2304,0.99,1),
	 (378,69,2318,0.99,1),
	 (379,70,2319,0.99,1),
	 (380,70,2320,0.99,1);
INSERT INTO InvoiceLine (InvoiceLineId,InvoiceId,TrackId,UnitPrice,Quantity) VALUES
	 (381,71,2322,0.99,1),
	 (382,71,2324,0.99,1),
	 (383,72,2326,0.99,1),
	 (384,72,2328,0.99,1),
	 (385,72,2330,0.99,1),
	 (386,72,2332,0.99,1),
	 (387,73,2336,0.99,1),
	 (388,73,2340,0.99,1),
	 (389,73,2344,0.99,1),
	 (390,73,2348,0.99,1);
INSERT INTO InvoiceLine (InvoiceLineId,InvoiceId,TrackId,UnitPrice,Quantity) VALUES
	 (391,73,2352,0.99,1),
	 (392,73,2356,0.99,1),
	 (393,74,2362,0.99,1),
	 (394,74,2368,0.99,1),
	 (395,74,2374,0.99,1),
	 (396,74,2380,0.99,1),
	 (397,74,2386,0.99,1),
	 (398,74,2392,0.99,1),
	 (399,74,2398,0.99,1),
	 (400,74,2404,0.99,1);
INSERT INTO InvoiceLine (InvoiceLineId,InvoiceId,TrackId,UnitPrice,Quantity) VALUES
	 (401,74,2410,0.99,1),
	 (402,75,2419,0.99,1),
	 (403,75,2428,0.99,1),
	 (404,75,2437,0.99,1),
	 (405,75,2446,0.99,1),
	 (406,75,2455,0.99,1),
	 (407,75,2464,0.99,1),
	 (408,75,2473,0.99,1),
	 (409,75,2482,0.99,1),
	 (410,75,2491,0.99,1);
INSERT INTO InvoiceLine (InvoiceLineId,InvoiceId,TrackId,UnitPrice,Quantity) VALUES
	 (411,75,2500,0.99,1),
	 (412,75,2509,0.99,1),
	 (413,75,2518,0.99,1),
	 (414,75,2527,0.99,1),
	 (415,75,2536,0.99,1),
	 (416,76,2550,0.99,1),
	 (417,77,2551,0.99,1),
	 (418,77,2552,0.99,1),
	 (419,78,2554,0.99,1),
	 (420,78,2556,0.99,1);
INSERT INTO InvoiceLine (InvoiceLineId,InvoiceId,TrackId,UnitPrice,Quantity) VALUES
	 (421,79,2558,0.99,1),
	 (422,79,2560,0.99,1),
	 (423,79,2562,0.99,1),
	 (424,79,2564,0.99,1),
	 (425,80,2568,0.99,1),
	 (426,80,2572,0.99,1),
	 (427,80,2576,0.99,1),
	 (428,80,2580,0.99,1),
	 (429,80,2584,0.99,1),
	 (430,80,2588,0.99,1);
INSERT INTO InvoiceLine (InvoiceLineId,InvoiceId,TrackId,UnitPrice,Quantity) VALUES
	 (431,81,2594,0.99,1),
	 (432,81,2600,0.99,1),
	 (433,81,2606,0.99,1),
	 (434,81,2612,0.99,1),
	 (435,81,2618,0.99,1),
	 (436,81,2624,0.99,1),
	 (437,81,2630,0.99,1),
	 (438,81,2636,0.99,1),
	 (439,81,2642,0.99,1),
	 (440,82,2651,0.99,1);
INSERT INTO InvoiceLine (InvoiceLineId,InvoiceId,TrackId,UnitPrice,Quantity) VALUES
	 (441,82,2660,0.99,1),
	 (442,82,2669,0.99,1),
	 (443,82,2678,0.99,1),
	 (444,82,2687,0.99,1),
	 (445,82,2696,0.99,1),
	 (446,82,2705,0.99,1),
	 (447,82,2714,0.99,1),
	 (448,82,2723,0.99,1),
	 (449,82,2732,0.99,1),
	 (450,82,2741,0.99,1);
INSERT INTO InvoiceLine (InvoiceLineId,InvoiceId,TrackId,UnitPrice,Quantity) VALUES
	 (451,82,2750,0.99,1),
	 (452,82,2759,0.99,1),
	 (453,82,2768,0.99,1),
	 (454,83,2782,0.99,1),
	 (455,84,2783,0.99,1),
	 (456,84,2784,0.99,1),
	 (457,85,2786,0.99,1),
	 (458,85,2788,0.99,1),
	 (459,86,2790,0.99,1),
	 (460,86,2792,0.99,1);
INSERT INTO InvoiceLine (InvoiceLineId,InvoiceId,TrackId,UnitPrice,Quantity) VALUES
	 (461,86,2794,0.99,1),
	 (462,86,2796,0.99,1),
	 (463,87,2800,0.99,1),
	 (464,87,2804,0.99,1),
	 (465,87,2808,0.99,1),
	 (466,87,2812,0.99,1),
	 (467,87,2816,0.99,1),
	 (468,87,2820,1.99,1),
	 (469,88,2826,1.99,1),
	 (470,88,2832,1.99,1);
INSERT INTO InvoiceLine (InvoiceLineId,InvoiceId,TrackId,UnitPrice,Quantity) VALUES
	 (471,88,2838,1.99,1),
	 (472,88,2844,1.99,1),
	 (473,88,2850,1.99,1),
	 (474,88,2856,1.99,1),
	 (475,88,2862,1.99,1),
	 (476,88,2868,1.99,1),
	 (477,88,2874,1.99,1),
	 (478,89,2883,1.99,1),
	 (479,89,2892,1.99,1),
	 (480,89,2901,1.99,1);
INSERT INTO InvoiceLine (InvoiceLineId,InvoiceId,TrackId,UnitPrice,Quantity) VALUES
	 (481,89,2910,1.99,1),
	 (482,89,2919,1.99,1),
	 (483,89,2928,0.99,1),
	 (484,89,2937,0.99,1),
	 (485,89,2946,0.99,1),
	 (486,89,2955,0.99,1),
	 (487,89,2964,0.99,1),
	 (488,89,2973,0.99,1),
	 (489,89,2982,0.99,1),
	 (490,89,2991,0.99,1);
INSERT INTO InvoiceLine (InvoiceLineId,InvoiceId,TrackId,UnitPrice,Quantity) VALUES
	 (491,89,3000,0.99,1),
	 (492,90,3014,0.99,1),
	 (493,91,3015,0.99,1),
	 (494,91,3016,0.99,1),
	 (495,92,3018,0.99,1),
	 (496,92,3020,0.99,1),
	 (497,93,3022,0.99,1),
	 (498,93,3024,0.99,1),
	 (499,93,3026,0.99,1),
	 (500,93,3028,0.99,1);
INSERT INTO InvoiceLine (InvoiceLineId,InvoiceId,TrackId,UnitPrice,Quantity) VALUES
	 (501,94,3032,0.99,1),
	 (502,94,3036,0.99,1),
	 (503,94,3040,0.99,1),
	 (504,94,3044,0.99,1),
	 (505,94,3048,0.99,1),
	 (506,94,3052,0.99,1),
	 (507,95,3058,0.99,1),
	 (508,95,3064,0.99,1),
	 (509,95,3070,0.99,1),
	 (510,95,3076,0.99,1);
INSERT INTO InvoiceLine (InvoiceLineId,InvoiceId,TrackId,UnitPrice,Quantity) VALUES
	 (511,95,3082,0.99,1),
	 (512,95,3088,0.99,1),
	 (513,95,3094,0.99,1),
	 (514,95,3100,0.99,1),
	 (515,95,3106,0.99,1),
	 (516,96,3115,0.99,1),
	 (517,96,3124,0.99,1),
	 (518,96,3133,0.99,1),
	 (519,96,3142,0.99,1),
	 (520,96,3151,0.99,1);
INSERT INTO InvoiceLine (InvoiceLineId,InvoiceId,TrackId,UnitPrice,Quantity) VALUES
	 (521,96,3160,0.99,1),
	 (522,96,3169,1.99,1),
	 (523,96,3178,1.99,1),
	 (524,96,3187,1.99,1),
	 (525,96,3196,1.99,1),
	 (526,96,3205,1.99,1),
	 (527,96,3214,1.99,1),
	 (528,96,3223,1.99,1),
	 (529,96,3232,1.99,1),
	 (530,97,3246,1.99,1);
INSERT INTO InvoiceLine (InvoiceLineId,InvoiceId,TrackId,UnitPrice,Quantity) VALUES
	 (531,98,3247,1.99,1),
	 (532,98,3248,1.99,1),
	 (533,99,3250,1.99,1),
	 (534,99,3252,1.99,1),
	 (535,100,3254,0.99,1),
	 (536,100,3256,0.99,1),
	 (537,100,3258,0.99,1),
	 (538,100,3260,0.99,1),
	 (539,101,3264,0.99,1),
	 (540,101,3268,0.99,1);
INSERT INTO InvoiceLine (InvoiceLineId,InvoiceId,TrackId,UnitPrice,Quantity) VALUES
	 (541,101,3272,0.99,1),
	 (542,101,3276,0.99,1),
	 (543,101,3280,0.99,1),
	 (544,101,3284,0.99,1),
	 (545,102,3290,0.99,1),
	 (546,102,3296,0.99,1),
	 (547,102,3302,0.99,1),
	 (548,102,3308,0.99,1),
	 (549,102,3314,0.99,1),
	 (550,102,3320,0.99,1);
INSERT INTO InvoiceLine (InvoiceLineId,InvoiceId,TrackId,UnitPrice,Quantity) VALUES
	 (551,102,3326,0.99,1),
	 (552,102,3332,0.99,1),
	 (553,102,3338,1.99,1),
	 (554,103,3347,1.99,1),
	 (555,103,3356,0.99,1),
	 (556,103,3365,0.99,1),
	 (557,103,3374,0.99,1),
	 (558,103,3383,0.99,1),
	 (559,103,3392,0.99,1),
	 (560,103,3401,0.99,1);
INSERT INTO InvoiceLine (InvoiceLineId,InvoiceId,TrackId,UnitPrice,Quantity) VALUES
	 (561,103,3410,0.99,1),
	 (562,103,3419,0.99,1),
	 (563,103,3428,1.99,1),
	 (564,103,3437,0.99,1),
	 (565,103,3446,0.99,1),
	 (566,103,3455,0.99,1),
	 (567,103,3464,0.99,1),
	 (568,104,3478,0.99,1),
	 (569,105,3479,0.99,1),
	 (570,105,3480,0.99,1);
INSERT INTO InvoiceLine (InvoiceLineId,InvoiceId,TrackId,UnitPrice,Quantity) VALUES
	 (571,106,3482,0.99,1),
	 (572,106,3484,0.99,1),
	 (573,107,3486,0.99,1),
	 (574,107,3488,0.99,1),
	 (575,107,3490,0.99,1),
	 (576,107,3492,0.99,1),
	 (577,108,3496,0.99,1),
	 (578,108,3500,0.99,1),
	 (579,108,1,0.99,1),
	 (580,108,5,0.99,1);
INSERT INTO InvoiceLine (InvoiceLineId,InvoiceId,TrackId,UnitPrice,Quantity) VALUES
	 (581,108,9,0.99,1),
	 (582,108,13,0.99,1),
	 (583,109,19,0.99,1),
	 (584,109,25,0.99,1),
	 (585,109,31,0.99,1),
	 (586,109,37,0.99,1),
	 (587,109,43,0.99,1),
	 (588,109,49,0.99,1),
	 (589,109,55,0.99,1),
	 (590,109,61,0.99,1);
INSERT INTO InvoiceLine (InvoiceLineId,InvoiceId,TrackId,UnitPrice,Quantity) VALUES
	 (591,109,67,0.99,1),
	 (592,110,76,0.99,1),
	 (593,110,85,0.99,1),
	 (594,110,94,0.99,1),
	 (595,110,103,0.99,1),
	 (596,110,112,0.99,1),
	 (597,110,121,0.99,1),
	 (598,110,130,0.99,1),
	 (599,110,139,0.99,1),
	 (600,110,148,0.99,1);
INSERT INTO InvoiceLine (InvoiceLineId,InvoiceId,TrackId,UnitPrice,Quantity) VALUES
	 (601,110,157,0.99,1),
	 (602,110,166,0.99,1),
	 (603,110,175,0.99,1),
	 (604,110,184,0.99,1),
	 (605,110,193,0.99,1),
	 (606,111,207,0.99,1),
	 (607,112,208,0.99,1),
	 (608,112,209,0.99,1),
	 (609,113,211,0.99,1),
	 (610,113,213,0.99,1);
INSERT INTO InvoiceLine (InvoiceLineId,InvoiceId,TrackId,UnitPrice,Quantity) VALUES
	 (611,114,215,0.99,1),
	 (612,114,217,0.99,1),
	 (613,114,219,0.99,1),
	 (614,114,221,0.99,1),
	 (615,115,225,0.99,1),
	 (616,115,229,0.99,1),
	 (617,115,233,0.99,1),
	 (618,115,237,0.99,1),
	 (619,115,241,0.99,1),
	 (620,115,245,0.99,1);
INSERT INTO InvoiceLine (InvoiceLineId,InvoiceId,TrackId,UnitPrice,Quantity) VALUES
	 (621,116,251,0.99,1),
	 (622,116,257,0.99,1),
	 (623,116,263,0.99,1),
	 (624,116,269,0.99,1),
	 (625,116,275,0.99,1),
	 (626,116,281,0.99,1),
	 (627,116,287,0.99,1),
	 (628,116,293,0.99,1),
	 (629,116,299,0.99,1),
	 (630,117,308,0.99,1);
INSERT INTO InvoiceLine (InvoiceLineId,InvoiceId,TrackId,UnitPrice,Quantity) VALUES
	 (631,117,317,0.99,1),
	 (632,117,326,0.99,1),
	 (633,117,335,0.99,1),
	 (634,117,344,0.99,1),
	 (635,117,353,0.99,1),
	 (636,117,362,0.99,1),
	 (637,117,371,0.99,1),
	 (638,117,380,0.99,1),
	 (639,117,389,0.99,1),
	 (640,117,398,0.99,1);
INSERT INTO InvoiceLine (InvoiceLineId,InvoiceId,TrackId,UnitPrice,Quantity) VALUES
	 (641,117,407,0.99,1),
	 (642,117,416,0.99,1),
	 (643,117,425,0.99,1),
	 (644,118,439,0.99,1),
	 (645,119,440,0.99,1),
	 (646,119,441,0.99,1),
	 (647,120,443,0.99,1),
	 (648,120,445,0.99,1),
	 (649,121,447,0.99,1),
	 (650,121,449,0.99,1);
INSERT INTO InvoiceLine (InvoiceLineId,InvoiceId,TrackId,UnitPrice,Quantity) VALUES
	 (651,121,451,0.99,1),
	 (652,121,453,0.99,1),
	 (653,122,457,0.99,1),
	 (654,122,461,0.99,1),
	 (655,122,465,0.99,1),
	 (656,122,469,0.99,1),
	 (657,122,473,0.99,1),
	 (658,122,477,0.99,1),
	 (659,123,483,0.99,1),
	 (660,123,489,0.99,1);
INSERT INTO InvoiceLine (InvoiceLineId,InvoiceId,TrackId,UnitPrice,Quantity) VALUES
	 (661,123,495,0.99,1),
	 (662,123,501,0.99,1),
	 (663,123,507,0.99,1),
	 (664,123,513,0.99,1),
	 (665,123,519,0.99,1),
	 (666,123,525,0.99,1),
	 (667,123,531,0.99,1),
	 (668,124,540,0.99,1),
	 (669,124,549,0.99,1),
	 (670,124,558,0.99,1);
INSERT INTO InvoiceLine (InvoiceLineId,InvoiceId,TrackId,UnitPrice,Quantity) VALUES
	 (671,124,567,0.99,1),
	 (672,124,576,0.99,1),
	 (673,124,585,0.99,1),
	 (674,124,594,0.99,1),
	 (675,124,603,0.99,1),
	 (676,124,612,0.99,1),
	 (677,124,621,0.99,1),
	 (678,124,630,0.99,1),
	 (679,124,639,0.99,1),
	 (680,124,648,0.99,1);
INSERT INTO InvoiceLine (InvoiceLineId,InvoiceId,TrackId,UnitPrice,Quantity) VALUES
	 (681,124,657,0.99,1),
	 (682,125,671,0.99,1),
	 (683,126,672,0.99,1),
	 (684,126,673,0.99,1),
	 (685,127,675,0.99,1),
	 (686,127,677,0.99,1),
	 (687,128,679,0.99,1),
	 (688,128,681,0.99,1),
	 (689,128,683,0.99,1),
	 (690,128,685,0.99,1);
INSERT INTO InvoiceLine (InvoiceLineId,InvoiceId,TrackId,UnitPrice,Quantity) VALUES
	 (691,129,689,0.99,1),
	 (692,129,693,0.99,1),
	 (693,129,697,0.99,1),
	 (694,129,701,0.99,1),
	 (695,129,705,0.99,1),
	 (696,129,709,0.99,1),
	 (697,130,715,0.99,1),
	 (698,130,721,0.99,1),
	 (699,130,727,0.99,1),
	 (700,130,733,0.99,1);
INSERT INTO InvoiceLine (InvoiceLineId,InvoiceId,TrackId,UnitPrice,Quantity) VALUES
	 (701,130,739,0.99,1),
	 (702,130,745,0.99,1),
	 (703,130,751,0.99,1),
	 (704,130,757,0.99,1),
	 (705,130,763,0.99,1),
	 (706,131,772,0.99,1),
	 (707,131,781,0.99,1),
	 (708,131,790,0.99,1),
	 (709,131,799,0.99,1),
	 (710,131,808,0.99,1);
INSERT INTO InvoiceLine (InvoiceLineId,InvoiceId,TrackId,UnitPrice,Quantity) VALUES
	 (711,131,817,0.99,1),
	 (712,131,826,0.99,1),
	 (713,131,835,0.99,1),
	 (714,131,844,0.99,1),
	 (715,131,853,0.99,1),
	 (716,131,862,0.99,1),
	 (717,131,871,0.99,1),
	 (718,131,880,0.99,1),
	 (719,131,889,0.99,1),
	 (720,132,903,0.99,1);
INSERT INTO InvoiceLine (InvoiceLineId,InvoiceId,TrackId,UnitPrice,Quantity) VALUES
	 (721,133,904,0.99,1),
	 (722,133,905,0.99,1),
	 (723,134,907,0.99,1),
	 (724,134,909,0.99,1),
	 (725,135,911,0.99,1),
	 (726,135,913,0.99,1),
	 (727,135,915,0.99,1),
	 (728,135,917,0.99,1),
	 (729,136,921,0.99,1),
	 (730,136,925,0.99,1);
INSERT INTO InvoiceLine (InvoiceLineId,InvoiceId,TrackId,UnitPrice,Quantity) VALUES
	 (731,136,929,0.99,1),
	 (732,136,933,0.99,1),
	 (733,136,937,0.99,1),
	 (734,136,941,0.99,1),
	 (735,137,947,0.99,1),
	 (736,137,953,0.99,1),
	 (737,137,959,0.99,1),
	 (738,137,965,0.99,1),
	 (739,137,971,0.99,1),
	 (740,137,977,0.99,1);
INSERT INTO InvoiceLine (InvoiceLineId,InvoiceId,TrackId,UnitPrice,Quantity) VALUES
	 (741,137,983,0.99,1),
	 (742,137,989,0.99,1),
	 (743,137,995,0.99,1),
	 (744,138,1004,0.99,1),
	 (745,138,1013,0.99,1),
	 (746,138,1022,0.99,1),
	 (747,138,1031,0.99,1),
	 (748,138,1040,0.99,1),
	 (749,138,1049,0.99,1),
	 (750,138,1058,0.99,1);
INSERT INTO InvoiceLine (InvoiceLineId,InvoiceId,TrackId,UnitPrice,Quantity) VALUES
	 (751,138,1067,0.99,1),
	 (752,138,1076,0.99,1),
	 (753,138,1085,0.99,1),
	 (754,138,1094,0.99,1),
	 (755,138,1103,0.99,1),
	 (756,138,1112,0.99,1),
	 (757,138,1121,0.99,1),
	 (758,139,1135,0.99,1),
	 (759,140,1136,0.99,1),
	 (760,140,1137,0.99,1);
INSERT INTO InvoiceLine (InvoiceLineId,InvoiceId,TrackId,UnitPrice,Quantity) VALUES
	 (761,141,1139,0.99,1),
	 (762,141,1141,0.99,1),
	 (763,142,1143,0.99,1),
	 (764,142,1145,0.99,1),
	 (765,142,1147,0.99,1),
	 (766,142,1149,0.99,1),
	 (767,143,1153,0.99,1),
	 (768,143,1157,0.99,1),
	 (769,143,1161,0.99,1),
	 (770,143,1165,0.99,1);
INSERT INTO InvoiceLine (InvoiceLineId,InvoiceId,TrackId,UnitPrice,Quantity) VALUES
	 (771,143,1169,0.99,1),
	 (772,143,1173,0.99,1),
	 (773,144,1179,0.99,1),
	 (774,144,1185,0.99,1),
	 (775,144,1191,0.99,1),
	 (776,144,1197,0.99,1),
	 (777,144,1203,0.99,1),
	 (778,144,1209,0.99,1),
	 (779,144,1215,0.99,1),
	 (780,144,1221,0.99,1);
INSERT INTO InvoiceLine (InvoiceLineId,InvoiceId,TrackId,UnitPrice,Quantity) VALUES
	 (781,144,1227,0.99,1),
	 (782,145,1236,0.99,1),
	 (783,145,1245,0.99,1),
	 (784,145,1254,0.99,1),
	 (785,145,1263,0.99,1),
	 (786,145,1272,0.99,1),
	 (787,145,1281,0.99,1),
	 (788,145,1290,0.99,1),
	 (789,145,1299,0.99,1),
	 (790,145,1308,0.99,1);
INSERT INTO InvoiceLine (InvoiceLineId,InvoiceId,TrackId,UnitPrice,Quantity) VALUES
	 (791,145,1317,0.99,1),
	 (792,145,1326,0.99,1),
	 (793,145,1335,0.99,1),
	 (794,145,1344,0.99,1),
	 (795,145,1353,0.99,1),
	 (796,146,1367,0.99,1),
	 (797,147,1368,0.99,1),
	 (798,147,1369,0.99,1),
	 (799,148,1371,0.99,1),
	 (800,148,1373,0.99,1);
INSERT INTO InvoiceLine (InvoiceLineId,InvoiceId,TrackId,UnitPrice,Quantity) VALUES
	 (801,149,1375,0.99,1),
	 (802,149,1377,0.99,1),
	 (803,149,1379,0.99,1),
	 (804,149,1381,0.99,1),
	 (805,150,1385,0.99,1),
	 (806,150,1389,0.99,1),
	 (807,150,1393,0.99,1),
	 (808,150,1397,0.99,1),
	 (809,150,1401,0.99,1),
	 (810,150,1405,0.99,1);
INSERT INTO InvoiceLine (InvoiceLineId,InvoiceId,TrackId,UnitPrice,Quantity) VALUES
	 (811,151,1411,0.99,1),
	 (812,151,1417,0.99,1),
	 (813,151,1423,0.99,1),
	 (814,151,1429,0.99,1),
	 (815,151,1435,0.99,1),
	 (816,151,1441,0.99,1),
	 (817,151,1447,0.99,1),
	 (818,151,1453,0.99,1),
	 (819,151,1459,0.99,1),
	 (820,152,1468,0.99,1);
INSERT INTO InvoiceLine (InvoiceLineId,InvoiceId,TrackId,UnitPrice,Quantity) VALUES
	 (821,152,1477,0.99,1),
	 (822,152,1486,0.99,1),
	 (823,152,1495,0.99,1),
	 (824,152,1504,0.99,1),
	 (825,152,1513,0.99,1),
	 (826,152,1522,0.99,1),
	 (827,152,1531,0.99,1),
	 (828,152,1540,0.99,1),
	 (829,152,1549,0.99,1),
	 (830,152,1558,0.99,1);
INSERT INTO InvoiceLine (InvoiceLineId,InvoiceId,TrackId,UnitPrice,Quantity) VALUES
	 (831,152,1567,0.99,1),
	 (832,152,1576,0.99,1),
	 (833,152,1585,0.99,1),
	 (834,153,1599,0.99,1),
	 (835,154,1600,0.99,1),
	 (836,154,1601,0.99,1),
	 (837,155,1603,0.99,1),
	 (838,155,1605,0.99,1),
	 (839,156,1607,0.99,1),
	 (840,156,1609,0.99,1);
INSERT INTO InvoiceLine (InvoiceLineId,InvoiceId,TrackId,UnitPrice,Quantity) VALUES
	 (841,156,1611,0.99,1),
	 (842,156,1613,0.99,1),
	 (843,157,1617,0.99,1),
	 (844,157,1621,0.99,1),
	 (845,157,1625,0.99,1),
	 (846,157,1629,0.99,1),
	 (847,157,1633,0.99,1),
	 (848,157,1637,0.99,1),
	 (849,158,1643,0.99,1),
	 (850,158,1649,0.99,1);
INSERT INTO InvoiceLine (InvoiceLineId,InvoiceId,TrackId,UnitPrice,Quantity) VALUES
	 (851,158,1655,0.99,1),
	 (852,158,1661,0.99,1),
	 (853,158,1667,0.99,1),
	 (854,158,1673,0.99,1),
	 (855,158,1679,0.99,1),
	 (856,158,1685,0.99,1),
	 (857,158,1691,0.99,1),
	 (858,159,1700,0.99,1),
	 (859,159,1709,0.99,1),
	 (860,159,1718,0.99,1);
INSERT INTO InvoiceLine (InvoiceLineId,InvoiceId,TrackId,UnitPrice,Quantity) VALUES
	 (861,159,1727,0.99,1),
	 (862,159,1736,0.99,1),
	 (863,159,1745,0.99,1),
	 (864,159,1754,0.99,1),
	 (865,159,1763,0.99,1),
	 (866,159,1772,0.99,1),
	 (867,159,1781,0.99,1),
	 (868,159,1790,0.99,1),
	 (869,159,1799,0.99,1),
	 (870,159,1808,0.99,1);
INSERT INTO InvoiceLine (InvoiceLineId,InvoiceId,TrackId,UnitPrice,Quantity) VALUES
	 (871,159,1817,0.99,1),
	 (872,160,1831,0.99,1),
	 (873,161,1832,0.99,1),
	 (874,161,1833,0.99,1),
	 (875,162,1835,0.99,1),
	 (876,162,1837,0.99,1),
	 (877,163,1839,0.99,1),
	 (878,163,1841,0.99,1),
	 (879,163,1843,0.99,1),
	 (880,163,1845,0.99,1);
INSERT INTO InvoiceLine (InvoiceLineId,InvoiceId,TrackId,UnitPrice,Quantity) VALUES
	 (881,164,1849,0.99,1),
	 (882,164,1853,0.99,1),
	 (883,164,1857,0.99,1),
	 (884,164,1861,0.99,1),
	 (885,164,1865,0.99,1),
	 (886,164,1869,0.99,1),
	 (887,165,1875,0.99,1),
	 (888,165,1881,0.99,1),
	 (889,165,1887,0.99,1),
	 (890,165,1893,0.99,1);
INSERT INTO InvoiceLine (InvoiceLineId,InvoiceId,TrackId,UnitPrice,Quantity) VALUES
	 (891,165,1899,0.99,1),
	 (892,165,1905,0.99,1),
	 (893,165,1911,0.99,1),
	 (894,165,1917,0.99,1),
	 (895,165,1923,0.99,1),
	 (896,166,1932,0.99,1),
	 (897,166,1941,0.99,1),
	 (898,166,1950,0.99,1),
	 (899,166,1959,0.99,1),
	 (900,166,1968,0.99,1);
INSERT INTO InvoiceLine (InvoiceLineId,InvoiceId,TrackId,UnitPrice,Quantity) VALUES
	 (901,166,1977,0.99,1),
	 (902,166,1986,0.99,1),
	 (903,166,1995,0.99,1),
	 (904,166,2004,0.99,1),
	 (905,166,2013,0.99,1),
	 (906,166,2022,0.99,1),
	 (907,166,2031,0.99,1),
	 (908,166,2040,0.99,1),
	 (909,166,2049,0.99,1),
	 (910,167,2063,0.99,1);
INSERT INTO InvoiceLine (InvoiceLineId,InvoiceId,TrackId,UnitPrice,Quantity) VALUES
	 (911,168,2064,0.99,1),
	 (912,168,2065,0.99,1),
	 (913,169,2067,0.99,1),
	 (914,169,2069,0.99,1),
	 (915,170,2071,0.99,1),
	 (916,170,2073,0.99,1),
	 (917,170,2075,0.99,1),
	 (918,170,2077,0.99,1),
	 (919,171,2081,0.99,1),
	 (920,171,2085,0.99,1);
INSERT INTO InvoiceLine (InvoiceLineId,InvoiceId,TrackId,UnitPrice,Quantity) VALUES
	 (921,171,2089,0.99,1),
	 (922,171,2093,0.99,1),
	 (923,171,2097,0.99,1),
	 (924,171,2101,0.99,1),
	 (925,172,2107,0.99,1),
	 (926,172,2113,0.99,1),
	 (927,172,2119,0.99,1),
	 (928,172,2125,0.99,1),
	 (929,172,2131,0.99,1),
	 (930,172,2137,0.99,1);
INSERT INTO InvoiceLine (InvoiceLineId,InvoiceId,TrackId,UnitPrice,Quantity) VALUES
	 (931,172,2143,0.99,1),
	 (932,172,2149,0.99,1),
	 (933,172,2155,0.99,1),
	 (934,173,2164,0.99,1),
	 (935,173,2173,0.99,1),
	 (936,173,2182,0.99,1),
	 (937,173,2191,0.99,1),
	 (938,173,2200,0.99,1),
	 (939,173,2209,0.99,1),
	 (940,173,2218,0.99,1);
INSERT INTO InvoiceLine (InvoiceLineId,InvoiceId,TrackId,UnitPrice,Quantity) VALUES
	 (941,173,2227,0.99,1),
	 (942,173,2236,0.99,1),
	 (943,173,2245,0.99,1),
	 (944,173,2254,0.99,1),
	 (945,173,2263,0.99,1),
	 (946,173,2272,0.99,1),
	 (947,173,2281,0.99,1),
	 (948,174,2295,0.99,1),
	 (949,175,2296,0.99,1),
	 (950,175,2297,0.99,1);
INSERT INTO InvoiceLine (InvoiceLineId,InvoiceId,TrackId,UnitPrice,Quantity) VALUES
	 (951,176,2299,0.99,1),
	 (952,176,2301,0.99,1),
	 (953,177,2303,0.99,1),
	 (954,177,2305,0.99,1),
	 (955,177,2307,0.99,1),
	 (956,177,2309,0.99,1),
	 (957,178,2313,0.99,1),
	 (958,178,2317,0.99,1),
	 (959,178,2321,0.99,1),
	 (960,178,2325,0.99,1);
INSERT INTO InvoiceLine (InvoiceLineId,InvoiceId,TrackId,UnitPrice,Quantity) VALUES
	 (961,178,2329,0.99,1),
	 (962,178,2333,0.99,1),
	 (963,179,2339,0.99,1),
	 (964,179,2345,0.99,1),
	 (965,179,2351,0.99,1),
	 (966,179,2357,0.99,1),
	 (967,179,2363,0.99,1),
	 (968,179,2369,0.99,1),
	 (969,179,2375,0.99,1),
	 (970,179,2381,0.99,1);
INSERT INTO InvoiceLine (InvoiceLineId,InvoiceId,TrackId,UnitPrice,Quantity) VALUES
	 (971,179,2387,0.99,1),
	 (972,180,2396,0.99,1),
	 (973,180,2405,0.99,1),
	 (974,180,2414,0.99,1),
	 (975,180,2423,0.99,1),
	 (976,180,2432,0.99,1),
	 (977,180,2441,0.99,1),
	 (978,180,2450,0.99,1),
	 (979,180,2459,0.99,1),
	 (980,180,2468,0.99,1);
INSERT INTO InvoiceLine (InvoiceLineId,InvoiceId,TrackId,UnitPrice,Quantity) VALUES
	 (981,180,2477,0.99,1),
	 (982,180,2486,0.99,1),
	 (983,180,2495,0.99,1),
	 (984,180,2504,0.99,1),
	 (985,180,2513,0.99,1),
	 (986,181,2527,0.99,1),
	 (987,182,2528,0.99,1),
	 (988,182,2529,0.99,1),
	 (989,183,2531,0.99,1),
	 (990,183,2533,0.99,1);
INSERT INTO InvoiceLine (InvoiceLineId,InvoiceId,TrackId,UnitPrice,Quantity) VALUES
	 (991,184,2535,0.99,1),
	 (992,184,2537,0.99,1),
	 (993,184,2539,0.99,1),
	 (994,184,2541,0.99,1),
	 (995,185,2545,0.99,1),
	 (996,185,2549,0.99,1),
	 (997,185,2553,0.99,1),
	 (998,185,2557,0.99,1),
	 (999,185,2561,0.99,1),
	 (1000,185,2565,0.99,1);
INSERT INTO InvoiceLine (InvoiceLineId,InvoiceId,TrackId,UnitPrice,Quantity) VALUES
	 (1001,186,2571,0.99,1),
	 (1002,186,2577,0.99,1),
	 (1003,186,2583,0.99,1),
	 (1004,186,2589,0.99,1),
	 (1005,186,2595,0.99,1),
	 (1006,186,2601,0.99,1),
	 (1007,186,2607,0.99,1),
	 (1008,186,2613,0.99,1),
	 (1009,186,2619,0.99,1),
	 (1010,187,2628,0.99,1);
INSERT INTO InvoiceLine (InvoiceLineId,InvoiceId,TrackId,UnitPrice,Quantity) VALUES
	 (1011,187,2637,0.99,1),
	 (1012,187,2646,0.99,1),
	 (1013,187,2655,0.99,1),
	 (1014,187,2664,0.99,1),
	 (1015,187,2673,0.99,1),
	 (1016,187,2682,0.99,1),
	 (1017,187,2691,0.99,1),
	 (1018,187,2700,0.99,1),
	 (1019,187,2709,0.99,1),
	 (1020,187,2718,0.99,1);
INSERT INTO InvoiceLine (InvoiceLineId,InvoiceId,TrackId,UnitPrice,Quantity) VALUES
	 (1021,187,2727,0.99,1),
	 (1022,187,2736,0.99,1),
	 (1023,187,2745,0.99,1),
	 (1024,188,2759,0.99,1),
	 (1025,189,2760,0.99,1),
	 (1026,189,2761,0.99,1),
	 (1027,190,2763,0.99,1),
	 (1028,190,2765,0.99,1),
	 (1029,191,2767,0.99,1),
	 (1030,191,2769,0.99,1);
INSERT INTO InvoiceLine (InvoiceLineId,InvoiceId,TrackId,UnitPrice,Quantity) VALUES
	 (1031,191,2771,0.99,1),
	 (1032,191,2773,0.99,1),
	 (1033,192,2777,0.99,1),
	 (1034,192,2781,0.99,1),
	 (1035,192,2785,0.99,1),
	 (1036,192,2789,0.99,1),
	 (1037,192,2793,0.99,1),
	 (1038,192,2797,0.99,1),
	 (1039,193,2803,0.99,1),
	 (1040,193,2809,0.99,1);
INSERT INTO InvoiceLine (InvoiceLineId,InvoiceId,TrackId,UnitPrice,Quantity) VALUES
	 (1041,193,2815,0.99,1),
	 (1042,193,2821,1.99,1),
	 (1043,193,2827,1.99,1),
	 (1044,193,2833,1.99,1),
	 (1045,193,2839,1.99,1),
	 (1046,193,2845,1.99,1),
	 (1047,193,2851,1.99,1),
	 (1048,194,2860,1.99,1),
	 (1049,194,2869,1.99,1),
	 (1050,194,2878,1.99,1);
INSERT INTO InvoiceLine (InvoiceLineId,InvoiceId,TrackId,UnitPrice,Quantity) VALUES
	 (1051,194,2887,1.99,1),
	 (1052,194,2896,1.99,1),
	 (1053,194,2905,1.99,1),
	 (1054,194,2914,1.99,1),
	 (1055,194,2923,1.99,1),
	 (1056,194,2932,0.99,1),
	 (1057,194,2941,0.99,1),
	 (1058,194,2950,0.99,1),
	 (1059,194,2959,0.99,1),
	 (1060,194,2968,0.99,1);
INSERT INTO InvoiceLine (InvoiceLineId,InvoiceId,TrackId,UnitPrice,Quantity) VALUES
	 (1061,194,2977,0.99,1),
	 (1062,195,2991,0.99,1),
	 (1063,196,2992,0.99,1),
	 (1064,196,2993,0.99,1),
	 (1065,197,2995,0.99,1),
	 (1066,197,2997,0.99,1),
	 (1067,198,2999,0.99,1),
	 (1068,198,3001,0.99,1),
	 (1069,198,3003,0.99,1),
	 (1070,198,3005,0.99,1);
INSERT INTO InvoiceLine (InvoiceLineId,InvoiceId,TrackId,UnitPrice,Quantity) VALUES
	 (1071,199,3009,0.99,1),
	 (1072,199,3013,0.99,1),
	 (1073,199,3017,0.99,1),
	 (1074,199,3021,0.99,1),
	 (1075,199,3025,0.99,1),
	 (1076,199,3029,0.99,1),
	 (1077,200,3035,0.99,1),
	 (1078,200,3041,0.99,1),
	 (1079,200,3047,0.99,1),
	 (1080,200,3053,0.99,1);
INSERT INTO InvoiceLine (InvoiceLineId,InvoiceId,TrackId,UnitPrice,Quantity) VALUES
	 (1081,200,3059,0.99,1),
	 (1082,200,3065,0.99,1),
	 (1083,200,3071,0.99,1),
	 (1084,200,3077,0.99,1),
	 (1085,200,3083,0.99,1),
	 (1086,201,3092,0.99,1),
	 (1087,201,3101,0.99,1),
	 (1088,201,3110,0.99,1),
	 (1089,201,3119,0.99,1),
	 (1090,201,3128,0.99,1);
INSERT INTO InvoiceLine (InvoiceLineId,InvoiceId,TrackId,UnitPrice,Quantity) VALUES
	 (1091,201,3137,0.99,1),
	 (1092,201,3146,0.99,1),
	 (1093,201,3155,0.99,1),
	 (1094,201,3164,0.99,1),
	 (1095,201,3173,1.99,1),
	 (1096,201,3182,1.99,1),
	 (1097,201,3191,1.99,1),
	 (1098,201,3200,1.99,1),
	 (1099,201,3209,1.99,1),
	 (1100,202,3223,1.99,1);
INSERT INTO InvoiceLine (InvoiceLineId,InvoiceId,TrackId,UnitPrice,Quantity) VALUES
	 (1101,203,3224,1.99,1),
	 (1102,203,3225,0.99,1),
	 (1103,204,3227,1.99,1),
	 (1104,204,3229,1.99,1),
	 (1105,205,3231,1.99,1),
	 (1106,205,3233,1.99,1),
	 (1107,205,3235,1.99,1),
	 (1108,205,3237,1.99,1),
	 (1109,206,3241,1.99,1),
	 (1110,206,3245,1.99,1);
INSERT INTO InvoiceLine (InvoiceLineId,InvoiceId,TrackId,UnitPrice,Quantity) VALUES
	 (1111,206,3249,1.99,1),
	 (1112,206,3253,0.99,1),
	 (1113,206,3257,0.99,1),
	 (1114,206,3261,0.99,1),
	 (1115,207,3267,0.99,1),
	 (1116,207,3273,0.99,1),
	 (1117,207,3279,0.99,1),
	 (1118,207,3285,0.99,1),
	 (1119,207,3291,0.99,1),
	 (1120,207,3297,0.99,1);
INSERT INTO InvoiceLine (InvoiceLineId,InvoiceId,TrackId,UnitPrice,Quantity) VALUES
	 (1121,207,3303,0.99,1),
	 (1122,207,3309,0.99,1),
	 (1123,207,3315,0.99,1),
	 (1124,208,3324,0.99,1),
	 (1125,208,3333,0.99,1),
	 (1126,208,3342,1.99,1),
	 (1127,208,3351,0.99,1),
	 (1128,208,3360,1.99,1),
	 (1129,208,3369,0.99,1),
	 (1130,208,3378,0.99,1);
INSERT INTO InvoiceLine (InvoiceLineId,InvoiceId,TrackId,UnitPrice,Quantity) VALUES
	 (1131,208,3387,0.99,1),
	 (1132,208,3396,0.99,1),
	 (1133,208,3405,0.99,1),
	 (1134,208,3414,0.99,1),
	 (1135,208,3423,0.99,1),
	 (1136,208,3432,0.99,1),
	 (1137,208,3441,0.99,1),
	 (1138,209,3455,0.99,1),
	 (1139,210,3456,0.99,1),
	 (1140,210,3457,0.99,1);
INSERT INTO InvoiceLine (InvoiceLineId,InvoiceId,TrackId,UnitPrice,Quantity) VALUES
	 (1141,211,3459,0.99,1),
	 (1142,211,3461,0.99,1),
	 (1143,212,3463,0.99,1),
	 (1144,212,3465,0.99,1),
	 (1145,212,3467,0.99,1),
	 (1146,212,3469,0.99,1),
	 (1147,213,3473,0.99,1),
	 (1148,213,3477,0.99,1),
	 (1149,213,3481,0.99,1),
	 (1150,213,3485,0.99,1);
INSERT INTO InvoiceLine (InvoiceLineId,InvoiceId,TrackId,UnitPrice,Quantity) VALUES
	 (1151,213,3489,0.99,1),
	 (1152,213,3493,0.99,1),
	 (1153,214,3499,0.99,1),
	 (1154,214,2,0.99,1),
	 (1155,214,8,0.99,1),
	 (1156,214,14,0.99,1),
	 (1157,214,20,0.99,1),
	 (1158,214,26,0.99,1),
	 (1159,214,32,0.99,1),
	 (1160,214,38,0.99,1);
INSERT INTO InvoiceLine (InvoiceLineId,InvoiceId,TrackId,UnitPrice,Quantity) VALUES
	 (1161,214,44,0.99,1),
	 (1162,215,53,0.99,1),
	 (1163,215,62,0.99,1),
	 (1164,215,71,0.99,1),
	 (1165,215,80,0.99,1),
	 (1166,215,89,0.99,1),
	 (1167,215,98,0.99,1),
	 (1168,215,107,0.99,1),
	 (1169,215,116,0.99,1),
	 (1170,215,125,0.99,1);
INSERT INTO InvoiceLine (InvoiceLineId,InvoiceId,TrackId,UnitPrice,Quantity) VALUES
	 (1171,215,134,0.99,1),
	 (1172,215,143,0.99,1),
	 (1173,215,152,0.99,1),
	 (1174,215,161,0.99,1),
	 (1175,215,170,0.99,1),
	 (1176,216,184,0.99,1),
	 (1177,217,185,0.99,1),
	 (1178,217,186,0.99,1),
	 (1179,218,188,0.99,1),
	 (1180,218,190,0.99,1);
INSERT INTO InvoiceLine (InvoiceLineId,InvoiceId,TrackId,UnitPrice,Quantity) VALUES
	 (1181,219,192,0.99,1),
	 (1182,219,194,0.99,1),
	 (1183,219,196,0.99,1),
	 (1184,219,198,0.99,1),
	 (1185,220,202,0.99,1),
	 (1186,220,206,0.99,1),
	 (1187,220,210,0.99,1),
	 (1188,220,214,0.99,1),
	 (1189,220,218,0.99,1),
	 (1190,220,222,0.99,1);
INSERT INTO InvoiceLine (InvoiceLineId,InvoiceId,TrackId,UnitPrice,Quantity) VALUES
	 (1191,221,228,0.99,1),
	 (1192,221,234,0.99,1),
	 (1193,221,240,0.99,1),
	 (1194,221,246,0.99,1),
	 (1195,221,252,0.99,1),
	 (1196,221,258,0.99,1),
	 (1197,221,264,0.99,1),
	 (1198,221,270,0.99,1),
	 (1199,221,276,0.99,1),
	 (1200,222,285,0.99,1);
INSERT INTO InvoiceLine (InvoiceLineId,InvoiceId,TrackId,UnitPrice,Quantity) VALUES
	 (1201,222,294,0.99,1),
	 (1202,222,303,0.99,1),
	 (1203,222,312,0.99,1),
	 (1204,222,321,0.99,1),
	 (1205,222,330,0.99,1),
	 (1206,222,339,0.99,1),
	 (1207,222,348,0.99,1),
	 (1208,222,357,0.99,1),
	 (1209,222,366,0.99,1),
	 (1210,222,375,0.99,1);
INSERT INTO InvoiceLine (InvoiceLineId,InvoiceId,TrackId,UnitPrice,Quantity) VALUES
	 (1211,222,384,0.99,1),
	 (1212,222,393,0.99,1),
	 (1213,222,402,0.99,1),
	 (1214,223,416,0.99,1),
	 (1215,224,417,0.99,1),
	 (1216,224,418,0.99,1),
	 (1217,225,420,0.99,1),
	 (1218,225,422,0.99,1),
	 (1219,226,424,0.99,1),
	 (1220,226,426,0.99,1);
INSERT INTO InvoiceLine (InvoiceLineId,InvoiceId,TrackId,UnitPrice,Quantity) VALUES
	 (1221,226,428,0.99,1),
	 (1222,226,430,0.99,1),
	 (1223,227,434,0.99,1),
	 (1224,227,438,0.99,1),
	 (1225,227,442,0.99,1),
	 (1226,227,446,0.99,1),
	 (1227,227,450,0.99,1),
	 (1228,227,454,0.99,1),
	 (1229,228,460,0.99,1),
	 (1230,228,466,0.99,1);
INSERT INTO InvoiceLine (InvoiceLineId,InvoiceId,TrackId,UnitPrice,Quantity) VALUES
	 (1231,228,472,0.99,1),
	 (1232,228,478,0.99,1),
	 (1233,228,484,0.99,1),
	 (1234,228,490,0.99,1),
	 (1235,228,496,0.99,1),
	 (1236,228,502,0.99,1),
	 (1237,228,508,0.99,1),
	 (1238,229,517,0.99,1),
	 (1239,229,526,0.99,1),
	 (1240,229,535,0.99,1);
INSERT INTO InvoiceLine (InvoiceLineId,InvoiceId,TrackId,UnitPrice,Quantity) VALUES
	 (1241,229,544,0.99,1),
	 (1242,229,553,0.99,1),
	 (1243,229,562,0.99,1),
	 (1244,229,571,0.99,1),
	 (1245,229,580,0.99,1),
	 (1246,229,589,0.99,1),
	 (1247,229,598,0.99,1),
	 (1248,229,607,0.99,1),
	 (1249,229,616,0.99,1),
	 (1250,229,625,0.99,1);
INSERT INTO InvoiceLine (InvoiceLineId,InvoiceId,TrackId,UnitPrice,Quantity) VALUES
	 (1251,229,634,0.99,1),
	 (1252,230,648,0.99,1),
	 (1253,231,649,0.99,1),
	 (1254,231,650,0.99,1),
	 (1255,232,652,0.99,1),
	 (1256,232,654,0.99,1),
	 (1257,233,656,0.99,1),
	 (1258,233,658,0.99,1),
	 (1259,233,660,0.99,1),
	 (1260,233,662,0.99,1);
INSERT INTO InvoiceLine (InvoiceLineId,InvoiceId,TrackId,UnitPrice,Quantity) VALUES
	 (1261,234,666,0.99,1),
	 (1262,234,670,0.99,1),
	 (1263,234,674,0.99,1),
	 (1264,234,678,0.99,1),
	 (1265,234,682,0.99,1),
	 (1266,234,686,0.99,1),
	 (1267,235,692,0.99,1),
	 (1268,235,698,0.99,1),
	 (1269,235,704,0.99,1),
	 (1270,235,710,0.99,1);
INSERT INTO InvoiceLine (InvoiceLineId,InvoiceId,TrackId,UnitPrice,Quantity) VALUES
	 (1271,235,716,0.99,1),
	 (1272,235,722,0.99,1),
	 (1273,235,728,0.99,1),
	 (1274,235,734,0.99,1),
	 (1275,235,740,0.99,1),
	 (1276,236,749,0.99,1),
	 (1277,236,758,0.99,1),
	 (1278,236,767,0.99,1),
	 (1279,236,776,0.99,1),
	 (1280,236,785,0.99,1);
INSERT INTO InvoiceLine (InvoiceLineId,InvoiceId,TrackId,UnitPrice,Quantity) VALUES
	 (1281,236,794,0.99,1),
	 (1282,236,803,0.99,1),
	 (1283,236,812,0.99,1),
	 (1284,236,821,0.99,1),
	 (1285,236,830,0.99,1),
	 (1286,236,839,0.99,1),
	 (1287,236,848,0.99,1),
	 (1288,236,857,0.99,1),
	 (1289,236,866,0.99,1),
	 (1290,237,880,0.99,1);
INSERT INTO InvoiceLine (InvoiceLineId,InvoiceId,TrackId,UnitPrice,Quantity) VALUES
	 (1291,238,881,0.99,1),
	 (1292,238,882,0.99,1),
	 (1293,239,884,0.99,1),
	 (1294,239,886,0.99,1),
	 (1295,240,888,0.99,1),
	 (1296,240,890,0.99,1),
	 (1297,240,892,0.99,1),
	 (1298,240,894,0.99,1),
	 (1299,241,898,0.99,1),
	 (1300,241,902,0.99,1);
INSERT INTO InvoiceLine (InvoiceLineId,InvoiceId,TrackId,UnitPrice,Quantity) VALUES
	 (1301,241,906,0.99,1),
	 (1302,241,910,0.99,1),
	 (1303,241,914,0.99,1),
	 (1304,241,918,0.99,1),
	 (1305,242,924,0.99,1),
	 (1306,242,930,0.99,1),
	 (1307,242,936,0.99,1),
	 (1308,242,942,0.99,1),
	 (1309,242,948,0.99,1),
	 (1310,242,954,0.99,1);
INSERT INTO InvoiceLine (InvoiceLineId,InvoiceId,TrackId,UnitPrice,Quantity) VALUES
	 (1311,242,960,0.99,1),
	 (1312,242,966,0.99,1),
	 (1313,242,972,0.99,1),
	 (1314,243,981,0.99,1),
	 (1315,243,990,0.99,1),
	 (1316,243,999,0.99,1),
	 (1317,243,1008,0.99,1),
	 (1318,243,1017,0.99,1),
	 (1319,243,1026,0.99,1),
	 (1320,243,1035,0.99,1);
INSERT INTO InvoiceLine (InvoiceLineId,InvoiceId,TrackId,UnitPrice,Quantity) VALUES
	 (1321,243,1044,0.99,1),
	 (1322,243,1053,0.99,1),
	 (1323,243,1062,0.99,1),
	 (1324,243,1071,0.99,1),
	 (1325,243,1080,0.99,1),
	 (1326,243,1089,0.99,1),
	 (1327,243,1098,0.99,1),
	 (1328,244,1112,0.99,1),
	 (1329,245,1113,0.99,1),
	 (1330,245,1114,0.99,1);
INSERT INTO InvoiceLine (InvoiceLineId,InvoiceId,TrackId,UnitPrice,Quantity) VALUES
	 (1331,246,1116,0.99,1),
	 (1332,246,1118,0.99,1),
	 (1333,247,1120,0.99,1),
	 (1334,247,1122,0.99,1),
	 (1335,247,1124,0.99,1),
	 (1336,247,1126,0.99,1),
	 (1337,248,1130,0.99,1),
	 (1338,248,1134,0.99,1),
	 (1339,248,1138,0.99,1),
	 (1340,248,1142,0.99,1);
INSERT INTO InvoiceLine (InvoiceLineId,InvoiceId,TrackId,UnitPrice,Quantity) VALUES
	 (1341,248,1146,0.99,1),
	 (1342,248,1150,0.99,1),
	 (1343,249,1156,0.99,1),
	 (1344,249,1162,0.99,1),
	 (1345,249,1168,0.99,1),
	 (1346,249,1174,0.99,1),
	 (1347,249,1180,0.99,1),
	 (1348,249,1186,0.99,1),
	 (1349,249,1192,0.99,1),
	 (1350,249,1198,0.99,1);
INSERT INTO InvoiceLine (InvoiceLineId,InvoiceId,TrackId,UnitPrice,Quantity) VALUES
	 (1351,249,1204,0.99,1),
	 (1352,250,1213,0.99,1),
	 (1353,250,1222,0.99,1),
	 (1354,250,1231,0.99,1),
	 (1355,250,1240,0.99,1),
	 (1356,250,1249,0.99,1),
	 (1357,250,1258,0.99,1),
	 (1358,250,1267,0.99,1),
	 (1359,250,1276,0.99,1),
	 (1360,250,1285,0.99,1);
INSERT INTO InvoiceLine (InvoiceLineId,InvoiceId,TrackId,UnitPrice,Quantity) VALUES
	 (1361,250,1294,0.99,1),
	 (1362,250,1303,0.99,1),
	 (1363,250,1312,0.99,1),
	 (1364,250,1321,0.99,1),
	 (1365,250,1330,0.99,1),
	 (1366,251,1344,0.99,1),
	 (1367,252,1345,0.99,1),
	 (1368,252,1346,0.99,1),
	 (1369,253,1348,0.99,1),
	 (1370,253,1350,0.99,1);
INSERT INTO InvoiceLine (InvoiceLineId,InvoiceId,TrackId,UnitPrice,Quantity) VALUES
	 (1371,254,1352,0.99,1),
	 (1372,254,1354,0.99,1),
	 (1373,254,1356,0.99,1),
	 (1374,254,1358,0.99,1),
	 (1375,255,1362,0.99,1),
	 (1376,255,1366,0.99,1),
	 (1377,255,1370,0.99,1),
	 (1378,255,1374,0.99,1),
	 (1379,255,1378,0.99,1),
	 (1380,255,1382,0.99,1);
INSERT INTO InvoiceLine (InvoiceLineId,InvoiceId,TrackId,UnitPrice,Quantity) VALUES
	 (1381,256,1388,0.99,1),
	 (1382,256,1394,0.99,1),
	 (1383,256,1400,0.99,1),
	 (1384,256,1406,0.99,1),
	 (1385,256,1412,0.99,1),
	 (1386,256,1418,0.99,1),
	 (1387,256,1424,0.99,1),
	 (1388,256,1430,0.99,1),
	 (1389,256,1436,0.99,1),
	 (1390,257,1445,0.99,1);
INSERT INTO InvoiceLine (InvoiceLineId,InvoiceId,TrackId,UnitPrice,Quantity) VALUES
	 (1391,257,1454,0.99,1),
	 (1392,257,1463,0.99,1),
	 (1393,257,1472,0.99,1),
	 (1394,257,1481,0.99,1),
	 (1395,257,1490,0.99,1),
	 (1396,257,1499,0.99,1),
	 (1397,257,1508,0.99,1),
	 (1398,257,1517,0.99,1),
	 (1399,257,1526,0.99,1),
	 (1400,257,1535,0.99,1);
INSERT INTO InvoiceLine (InvoiceLineId,InvoiceId,TrackId,UnitPrice,Quantity) VALUES
	 (1401,257,1544,0.99,1),
	 (1402,257,1553,0.99,1),
	 (1403,257,1562,0.99,1),
	 (1404,258,1576,0.99,1),
	 (1405,259,1577,0.99,1),
	 (1406,259,1578,0.99,1),
	 (1407,260,1580,0.99,1),
	 (1408,260,1582,0.99,1),
	 (1409,261,1584,0.99,1),
	 (1410,261,1586,0.99,1);
INSERT INTO InvoiceLine (InvoiceLineId,InvoiceId,TrackId,UnitPrice,Quantity) VALUES
	 (1411,261,1588,0.99,1),
	 (1412,261,1590,0.99,1),
	 (1413,262,1594,0.99,1),
	 (1414,262,1598,0.99,1),
	 (1415,262,1602,0.99,1),
	 (1416,262,1606,0.99,1),
	 (1417,262,1610,0.99,1),
	 (1418,262,1614,0.99,1),
	 (1419,263,1620,0.99,1),
	 (1420,263,1626,0.99,1);
INSERT INTO InvoiceLine (InvoiceLineId,InvoiceId,TrackId,UnitPrice,Quantity) VALUES
	 (1421,263,1632,0.99,1),
	 (1422,263,1638,0.99,1),
	 (1423,263,1644,0.99,1),
	 (1424,263,1650,0.99,1),
	 (1425,263,1656,0.99,1),
	 (1426,263,1662,0.99,1),
	 (1427,263,1668,0.99,1),
	 (1428,264,1677,0.99,1),
	 (1429,264,1686,0.99,1),
	 (1430,264,1695,0.99,1);
INSERT INTO InvoiceLine (InvoiceLineId,InvoiceId,TrackId,UnitPrice,Quantity) VALUES
	 (1431,264,1704,0.99,1),
	 (1432,264,1713,0.99,1),
	 (1433,264,1722,0.99,1),
	 (1434,264,1731,0.99,1),
	 (1435,264,1740,0.99,1),
	 (1436,264,1749,0.99,1),
	 (1437,264,1758,0.99,1),
	 (1438,264,1767,0.99,1),
	 (1439,264,1776,0.99,1),
	 (1440,264,1785,0.99,1);
INSERT INTO InvoiceLine (InvoiceLineId,InvoiceId,TrackId,UnitPrice,Quantity) VALUES
	 (1441,264,1794,0.99,1),
	 (1442,265,1808,0.99,1),
	 (1443,266,1809,0.99,1),
	 (1444,266,1810,0.99,1),
	 (1445,267,1812,0.99,1),
	 (1446,267,1814,0.99,1),
	 (1447,268,1816,0.99,1),
	 (1448,268,1818,0.99,1),
	 (1449,268,1820,0.99,1),
	 (1450,268,1822,0.99,1);
INSERT INTO InvoiceLine (InvoiceLineId,InvoiceId,TrackId,UnitPrice,Quantity) VALUES
	 (1451,269,1826,0.99,1),
	 (1452,269,1830,0.99,1),
	 (1453,269,1834,0.99,1),
	 (1454,269,1838,0.99,1),
	 (1455,269,1842,0.99,1),
	 (1456,269,1846,0.99,1),
	 (1457,270,1852,0.99,1),
	 (1458,270,1858,0.99,1),
	 (1459,270,1864,0.99,1),
	 (1460,270,1870,0.99,1);
INSERT INTO InvoiceLine (InvoiceLineId,InvoiceId,TrackId,UnitPrice,Quantity) VALUES
	 (1461,270,1876,0.99,1),
	 (1462,270,1882,0.99,1),
	 (1463,270,1888,0.99,1),
	 (1464,270,1894,0.99,1),
	 (1465,270,1900,0.99,1),
	 (1466,271,1909,0.99,1),
	 (1467,271,1918,0.99,1),
	 (1468,271,1927,0.99,1),
	 (1469,271,1936,0.99,1),
	 (1470,271,1945,0.99,1);
INSERT INTO InvoiceLine (InvoiceLineId,InvoiceId,TrackId,UnitPrice,Quantity) VALUES
	 (1471,271,1954,0.99,1),
	 (1472,271,1963,0.99,1),
	 (1473,271,1972,0.99,1),
	 (1474,271,1981,0.99,1),
	 (1475,271,1990,0.99,1),
	 (1476,271,1999,0.99,1),
	 (1477,271,2008,0.99,1),
	 (1478,271,2017,0.99,1),
	 (1479,271,2026,0.99,1),
	 (1480,272,2040,0.99,1);
INSERT INTO InvoiceLine (InvoiceLineId,InvoiceId,TrackId,UnitPrice,Quantity) VALUES
	 (1481,273,2041,0.99,1),
	 (1482,273,2042,0.99,1),
	 (1483,274,2044,0.99,1),
	 (1484,274,2046,0.99,1),
	 (1485,275,2048,0.99,1),
	 (1486,275,2050,0.99,1),
	 (1487,275,2052,0.99,1),
	 (1488,275,2054,0.99,1),
	 (1489,276,2058,0.99,1),
	 (1490,276,2062,0.99,1);
INSERT INTO InvoiceLine (InvoiceLineId,InvoiceId,TrackId,UnitPrice,Quantity) VALUES
	 (1491,276,2066,0.99,1),
	 (1492,276,2070,0.99,1),
	 (1493,276,2074,0.99,1),
	 (1494,276,2078,0.99,1),
	 (1495,277,2084,0.99,1),
	 (1496,277,2090,0.99,1),
	 (1497,277,2096,0.99,1),
	 (1498,277,2102,0.99,1),
	 (1499,277,2108,0.99,1),
	 (1500,277,2114,0.99,1);
INSERT INTO InvoiceLine (InvoiceLineId,InvoiceId,TrackId,UnitPrice,Quantity) VALUES
	 (1501,277,2120,0.99,1),
	 (1502,277,2126,0.99,1),
	 (1503,277,2132,0.99,1),
	 (1504,278,2141,0.99,1),
	 (1505,278,2150,0.99,1),
	 (1506,278,2159,0.99,1),
	 (1507,278,2168,0.99,1),
	 (1508,278,2177,0.99,1),
	 (1509,278,2186,0.99,1),
	 (1510,278,2195,0.99,1);
INSERT INTO InvoiceLine (InvoiceLineId,InvoiceId,TrackId,UnitPrice,Quantity) VALUES
	 (1511,278,2204,0.99,1),
	 (1512,278,2213,0.99,1),
	 (1513,278,2222,0.99,1),
	 (1514,278,2231,0.99,1),
	 (1515,278,2240,0.99,1),
	 (1516,278,2249,0.99,1),
	 (1517,278,2258,0.99,1),
	 (1518,279,2272,0.99,1),
	 (1519,280,2273,0.99,1),
	 (1520,280,2274,0.99,1);
INSERT INTO InvoiceLine (InvoiceLineId,InvoiceId,TrackId,UnitPrice,Quantity) VALUES
	 (1521,281,2276,0.99,1),
	 (1522,281,2278,0.99,1),
	 (1523,282,2280,0.99,1),
	 (1524,282,2282,0.99,1),
	 (1525,282,2284,0.99,1),
	 (1526,282,2286,0.99,1),
	 (1527,283,2290,0.99,1),
	 (1528,283,2294,0.99,1),
	 (1529,283,2298,0.99,1),
	 (1530,283,2302,0.99,1);
INSERT INTO InvoiceLine (InvoiceLineId,InvoiceId,TrackId,UnitPrice,Quantity) VALUES
	 (1531,283,2306,0.99,1),
	 (1532,283,2310,0.99,1),
	 (1533,284,2316,0.99,1),
	 (1534,284,2322,0.99,1),
	 (1535,284,2328,0.99,1),
	 (1536,284,2334,0.99,1),
	 (1537,284,2340,0.99,1),
	 (1538,284,2346,0.99,1),
	 (1539,284,2352,0.99,1),
	 (1540,284,2358,0.99,1);
INSERT INTO InvoiceLine (InvoiceLineId,InvoiceId,TrackId,UnitPrice,Quantity) VALUES
	 (1541,284,2364,0.99,1),
	 (1542,285,2373,0.99,1),
	 (1543,285,2382,0.99,1),
	 (1544,285,2391,0.99,1),
	 (1545,285,2400,0.99,1),
	 (1546,285,2409,0.99,1),
	 (1547,285,2418,0.99,1),
	 (1548,285,2427,0.99,1),
	 (1549,285,2436,0.99,1),
	 (1550,285,2445,0.99,1);
INSERT INTO InvoiceLine (InvoiceLineId,InvoiceId,TrackId,UnitPrice,Quantity) VALUES
	 (1551,285,2454,0.99,1),
	 (1552,285,2463,0.99,1),
	 (1553,285,2472,0.99,1),
	 (1554,285,2481,0.99,1),
	 (1555,285,2490,0.99,1),
	 (1556,286,2504,0.99,1),
	 (1557,287,2505,0.99,1),
	 (1558,287,2506,0.99,1),
	 (1559,288,2508,0.99,1),
	 (1560,288,2510,0.99,1);
INSERT INTO InvoiceLine (InvoiceLineId,InvoiceId,TrackId,UnitPrice,Quantity) VALUES
	 (1561,289,2512,0.99,1),
	 (1562,289,2514,0.99,1),
	 (1563,289,2516,0.99,1),
	 (1564,289,2518,0.99,1),
	 (1565,290,2522,0.99,1),
	 (1566,290,2526,0.99,1),
	 (1567,290,2530,0.99,1),
	 (1568,290,2534,0.99,1),
	 (1569,290,2538,0.99,1),
	 (1570,290,2542,0.99,1);
INSERT INTO InvoiceLine (InvoiceLineId,InvoiceId,TrackId,UnitPrice,Quantity) VALUES
	 (1571,291,2548,0.99,1),
	 (1572,291,2554,0.99,1),
	 (1573,291,2560,0.99,1),
	 (1574,291,2566,0.99,1),
	 (1575,291,2572,0.99,1),
	 (1576,291,2578,0.99,1),
	 (1577,291,2584,0.99,1),
	 (1578,291,2590,0.99,1),
	 (1579,291,2596,0.99,1),
	 (1580,292,2605,0.99,1);
INSERT INTO InvoiceLine (InvoiceLineId,InvoiceId,TrackId,UnitPrice,Quantity) VALUES
	 (1581,292,2614,0.99,1),
	 (1582,292,2623,0.99,1),
	 (1583,292,2632,0.99,1),
	 (1584,292,2641,0.99,1),
	 (1585,292,2650,0.99,1),
	 (1586,292,2659,0.99,1),
	 (1587,292,2668,0.99,1),
	 (1588,292,2677,0.99,1),
	 (1589,292,2686,0.99,1),
	 (1590,292,2695,0.99,1);
INSERT INTO InvoiceLine (InvoiceLineId,InvoiceId,TrackId,UnitPrice,Quantity) VALUES
	 (1591,292,2704,0.99,1),
	 (1592,292,2713,0.99,1),
	 (1593,292,2722,0.99,1),
	 (1594,293,2736,0.99,1),
	 (1595,294,2737,0.99,1),
	 (1596,294,2738,0.99,1),
	 (1597,295,2740,0.99,1),
	 (1598,295,2742,0.99,1),
	 (1599,296,2744,0.99,1),
	 (1600,296,2746,0.99,1);
INSERT INTO InvoiceLine (InvoiceLineId,InvoiceId,TrackId,UnitPrice,Quantity) VALUES
	 (1601,296,2748,0.99,1),
	 (1602,296,2750,0.99,1),
	 (1603,297,2754,0.99,1),
	 (1604,297,2758,0.99,1),
	 (1605,297,2762,0.99,1),
	 (1606,297,2766,0.99,1),
	 (1607,297,2770,0.99,1),
	 (1608,297,2774,0.99,1),
	 (1609,298,2780,0.99,1),
	 (1610,298,2786,0.99,1);
INSERT INTO InvoiceLine (InvoiceLineId,InvoiceId,TrackId,UnitPrice,Quantity) VALUES
	 (1611,298,2792,0.99,1),
	 (1612,298,2798,0.99,1),
	 (1613,298,2804,0.99,1),
	 (1614,298,2810,0.99,1),
	 (1615,298,2816,0.99,1),
	 (1616,298,2822,1.99,1),
	 (1617,298,2828,1.99,1),
	 (1618,299,2837,1.99,1),
	 (1619,299,2846,1.99,1),
	 (1620,299,2855,1.99,1);
INSERT INTO InvoiceLine (InvoiceLineId,InvoiceId,TrackId,UnitPrice,Quantity) VALUES
	 (1621,299,2864,1.99,1),
	 (1622,299,2873,1.99,1),
	 (1623,299,2882,1.99,1),
	 (1624,299,2891,1.99,1),
	 (1625,299,2900,1.99,1),
	 (1626,299,2909,1.99,1),
	 (1627,299,2918,1.99,1),
	 (1628,299,2927,0.99,1),
	 (1629,299,2936,0.99,1),
	 (1630,299,2945,0.99,1);
INSERT INTO InvoiceLine (InvoiceLineId,InvoiceId,TrackId,UnitPrice,Quantity) VALUES
	 (1631,299,2954,0.99,1),
	 (1632,300,2968,0.99,1),
	 (1633,301,2969,0.99,1),
	 (1634,301,2970,0.99,1),
	 (1635,302,2972,0.99,1),
	 (1636,302,2974,0.99,1),
	 (1637,303,2976,0.99,1),
	 (1638,303,2978,0.99,1),
	 (1639,303,2980,0.99,1),
	 (1640,303,2982,0.99,1);
INSERT INTO InvoiceLine (InvoiceLineId,InvoiceId,TrackId,UnitPrice,Quantity) VALUES
	 (1641,304,2986,0.99,1),
	 (1642,304,2990,0.99,1),
	 (1643,304,2994,0.99,1),
	 (1644,304,2998,0.99,1),
	 (1645,304,3002,0.99,1),
	 (1646,304,3006,0.99,1),
	 (1647,305,3012,0.99,1),
	 (1648,305,3018,0.99,1),
	 (1649,305,3024,0.99,1),
	 (1650,305,3030,0.99,1);
INSERT INTO InvoiceLine (InvoiceLineId,InvoiceId,TrackId,UnitPrice,Quantity) VALUES
	 (1651,305,3036,0.99,1),
	 (1652,305,3042,0.99,1),
	 (1653,305,3048,0.99,1),
	 (1654,305,3054,0.99,1),
	 (1655,305,3060,0.99,1),
	 (1656,306,3069,0.99,1),
	 (1657,306,3078,0.99,1),
	 (1658,306,3087,0.99,1),
	 (1659,306,3096,0.99,1),
	 (1660,306,3105,0.99,1);
INSERT INTO InvoiceLine (InvoiceLineId,InvoiceId,TrackId,UnitPrice,Quantity) VALUES
	 (1661,306,3114,0.99,1),
	 (1662,306,3123,0.99,1),
	 (1663,306,3132,0.99,1),
	 (1664,306,3141,0.99,1),
	 (1665,306,3150,0.99,1),
	 (1666,306,3159,0.99,1),
	 (1667,306,3168,1.99,1),
	 (1668,306,3177,1.99,1),
	 (1669,306,3186,1.99,1),
	 (1670,307,3200,1.99,1);
INSERT INTO InvoiceLine (InvoiceLineId,InvoiceId,TrackId,UnitPrice,Quantity) VALUES
	 (1671,308,3201,1.99,1),
	 (1672,308,3202,1.99,1),
	 (1673,309,3204,1.99,1),
	 (1674,309,3206,1.99,1),
	 (1675,310,3208,1.99,1),
	 (1676,310,3210,1.99,1),
	 (1677,310,3212,1.99,1),
	 (1678,310,3214,1.99,1),
	 (1679,311,3218,1.99,1),
	 (1680,311,3222,1.99,1);
INSERT INTO InvoiceLine (InvoiceLineId,InvoiceId,TrackId,UnitPrice,Quantity) VALUES
	 (1681,311,3226,1.99,1),
	 (1682,311,3230,1.99,1),
	 (1683,311,3234,1.99,1),
	 (1684,311,3238,1.99,1),
	 (1685,312,3244,1.99,1),
	 (1686,312,3250,1.99,1),
	 (1687,312,3256,0.99,1),
	 (1688,312,3262,0.99,1),
	 (1689,312,3268,0.99,1),
	 (1690,312,3274,0.99,1);
INSERT INTO InvoiceLine (InvoiceLineId,InvoiceId,TrackId,UnitPrice,Quantity) VALUES
	 (1691,312,3280,0.99,1),
	 (1692,312,3286,0.99,1),
	 (1693,312,3292,0.99,1),
	 (1694,313,3301,0.99,1),
	 (1695,313,3310,0.99,1),
	 (1696,313,3319,0.99,1),
	 (1697,313,3328,0.99,1),
	 (1698,313,3337,1.99,1),
	 (1699,313,3346,1.99,1),
	 (1700,313,3355,0.99,1);
INSERT INTO InvoiceLine (InvoiceLineId,InvoiceId,TrackId,UnitPrice,Quantity) VALUES
	 (1701,313,3364,1.99,1),
	 (1702,313,3373,0.99,1),
	 (1703,313,3382,0.99,1),
	 (1704,313,3391,0.99,1),
	 (1705,313,3400,0.99,1),
	 (1706,313,3409,0.99,1),
	 (1707,313,3418,0.99,1),
	 (1708,314,3432,0.99,1),
	 (1709,315,3433,0.99,1),
	 (1710,315,3434,0.99,1);
INSERT INTO InvoiceLine (InvoiceLineId,InvoiceId,TrackId,UnitPrice,Quantity) VALUES
	 (1711,316,3436,0.99,1),
	 (1712,316,3438,0.99,1),
	 (1713,317,3440,0.99,1),
	 (1714,317,3442,0.99,1),
	 (1715,317,3444,0.99,1),
	 (1716,317,3446,0.99,1),
	 (1717,318,3450,0.99,1),
	 (1718,318,3454,0.99,1),
	 (1719,318,3458,0.99,1),
	 (1720,318,3462,0.99,1);
INSERT INTO InvoiceLine (InvoiceLineId,InvoiceId,TrackId,UnitPrice,Quantity) VALUES
	 (1721,318,3466,0.99,1),
	 (1722,318,3470,0.99,1),
	 (1723,319,3476,0.99,1),
	 (1724,319,3482,0.99,1),
	 (1725,319,3488,0.99,1),
	 (1726,319,3494,0.99,1),
	 (1727,319,3500,0.99,1),
	 (1728,319,3,0.99,1),
	 (1729,319,9,0.99,1),
	 (1730,319,15,0.99,1);
INSERT INTO InvoiceLine (InvoiceLineId,InvoiceId,TrackId,UnitPrice,Quantity) VALUES
	 (1731,319,21,0.99,1),
	 (1732,320,30,0.99,1),
	 (1733,320,39,0.99,1),
	 (1734,320,48,0.99,1),
	 (1735,320,57,0.99,1),
	 (1736,320,66,0.99,1),
	 (1737,320,75,0.99,1),
	 (1738,320,84,0.99,1),
	 (1739,320,93,0.99,1),
	 (1740,320,102,0.99,1);
INSERT INTO InvoiceLine (InvoiceLineId,InvoiceId,TrackId,UnitPrice,Quantity) VALUES
	 (1741,320,111,0.99,1),
	 (1742,320,120,0.99,1),
	 (1743,320,129,0.99,1),
	 (1744,320,138,0.99,1),
	 (1745,320,147,0.99,1),
	 (1746,321,161,0.99,1),
	 (1747,322,162,0.99,1),
	 (1748,322,163,0.99,1),
	 (1749,323,165,0.99,1),
	 (1750,323,167,0.99,1);
INSERT INTO InvoiceLine (InvoiceLineId,InvoiceId,TrackId,UnitPrice,Quantity) VALUES
	 (1751,324,169,0.99,1),
	 (1752,324,171,0.99,1),
	 (1753,324,173,0.99,1),
	 (1754,324,175,0.99,1),
	 (1755,325,179,0.99,1),
	 (1756,325,183,0.99,1),
	 (1757,325,187,0.99,1),
	 (1758,325,191,0.99,1),
	 (1759,325,195,0.99,1),
	 (1760,325,199,0.99,1);
INSERT INTO InvoiceLine (InvoiceLineId,InvoiceId,TrackId,UnitPrice,Quantity) VALUES
	 (1761,326,205,0.99,1),
	 (1762,326,211,0.99,1),
	 (1763,326,217,0.99,1),
	 (1764,326,223,0.99,1),
	 (1765,326,229,0.99,1),
	 (1766,326,235,0.99,1),
	 (1767,326,241,0.99,1),
	 (1768,326,247,0.99,1),
	 (1769,326,253,0.99,1),
	 (1770,327,262,0.99,1);
INSERT INTO InvoiceLine (InvoiceLineId,InvoiceId,TrackId,UnitPrice,Quantity) VALUES
	 (1771,327,271,0.99,1),
	 (1772,327,280,0.99,1),
	 (1773,327,289,0.99,1),
	 (1774,327,298,0.99,1),
	 (1775,327,307,0.99,1),
	 (1776,327,316,0.99,1),
	 (1777,327,325,0.99,1),
	 (1778,327,334,0.99,1),
	 (1779,327,343,0.99,1),
	 (1780,327,352,0.99,1);
INSERT INTO InvoiceLine (InvoiceLineId,InvoiceId,TrackId,UnitPrice,Quantity) VALUES
	 (1781,327,361,0.99,1),
	 (1782,327,370,0.99,1),
	 (1783,327,379,0.99,1),
	 (1784,328,393,0.99,1),
	 (1785,329,394,0.99,1),
	 (1786,329,395,0.99,1),
	 (1787,330,397,0.99,1),
	 (1788,330,399,0.99,1),
	 (1789,331,401,0.99,1),
	 (1790,331,403,0.99,1);
INSERT INTO InvoiceLine (InvoiceLineId,InvoiceId,TrackId,UnitPrice,Quantity) VALUES
	 (1791,331,405,0.99,1),
	 (1792,331,407,0.99,1),
	 (1793,332,411,0.99,1),
	 (1794,332,415,0.99,1),
	 (1795,332,419,0.99,1),
	 (1796,332,423,0.99,1),
	 (1797,332,427,0.99,1),
	 (1798,332,431,0.99,1),
	 (1799,333,437,0.99,1),
	 (1800,333,443,0.99,1);
INSERT INTO InvoiceLine (InvoiceLineId,InvoiceId,TrackId,UnitPrice,Quantity) VALUES
	 (1801,333,449,0.99,1),
	 (1802,333,455,0.99,1),
	 (1803,333,461,0.99,1),
	 (1804,333,467,0.99,1),
	 (1805,333,473,0.99,1),
	 (1806,333,479,0.99,1),
	 (1807,333,485,0.99,1),
	 (1808,334,494,0.99,1),
	 (1809,334,503,0.99,1),
	 (1810,334,512,0.99,1);
INSERT INTO InvoiceLine (InvoiceLineId,InvoiceId,TrackId,UnitPrice,Quantity) VALUES
	 (1811,334,521,0.99,1),
	 (1812,334,530,0.99,1),
	 (1813,334,539,0.99,1),
	 (1814,334,548,0.99,1),
	 (1815,334,557,0.99,1),
	 (1816,334,566,0.99,1),
	 (1817,334,575,0.99,1),
	 (1818,334,584,0.99,1),
	 (1819,334,593,0.99,1),
	 (1820,334,602,0.99,1);
INSERT INTO InvoiceLine (InvoiceLineId,InvoiceId,TrackId,UnitPrice,Quantity) VALUES
	 (1821,334,611,0.99,1),
	 (1822,335,625,0.99,1),
	 (1823,336,626,0.99,1),
	 (1824,336,627,0.99,1),
	 (1825,337,629,0.99,1),
	 (1826,337,631,0.99,1),
	 (1827,338,633,0.99,1),
	 (1828,338,635,0.99,1),
	 (1829,338,637,0.99,1),
	 (1830,338,639,0.99,1);
INSERT INTO InvoiceLine (InvoiceLineId,InvoiceId,TrackId,UnitPrice,Quantity) VALUES
	 (1831,339,643,0.99,1),
	 (1832,339,647,0.99,1),
	 (1833,339,651,0.99,1),
	 (1834,339,655,0.99,1),
	 (1835,339,659,0.99,1),
	 (1836,339,663,0.99,1),
	 (1837,340,669,0.99,1),
	 (1838,340,675,0.99,1),
	 (1839,340,681,0.99,1),
	 (1840,340,687,0.99,1);
INSERT INTO InvoiceLine (InvoiceLineId,InvoiceId,TrackId,UnitPrice,Quantity) VALUES
	 (1841,340,693,0.99,1),
	 (1842,340,699,0.99,1),
	 (1843,340,705,0.99,1),
	 (1844,340,711,0.99,1),
	 (1845,340,717,0.99,1),
	 (1846,341,726,0.99,1),
	 (1847,341,735,0.99,1),
	 (1848,341,744,0.99,1),
	 (1849,341,753,0.99,1),
	 (1850,341,762,0.99,1);
INSERT INTO InvoiceLine (InvoiceLineId,InvoiceId,TrackId,UnitPrice,Quantity) VALUES
	 (1851,341,771,0.99,1),
	 (1852,341,780,0.99,1),
	 (1853,341,789,0.99,1),
	 (1854,341,798,0.99,1),
	 (1855,341,807,0.99,1),
	 (1856,341,816,0.99,1),
	 (1857,341,825,0.99,1),
	 (1858,341,834,0.99,1),
	 (1859,341,843,0.99,1),
	 (1860,342,857,0.99,1);
INSERT INTO InvoiceLine (InvoiceLineId,InvoiceId,TrackId,UnitPrice,Quantity) VALUES
	 (1861,343,858,0.99,1),
	 (1862,343,859,0.99,1),
	 (1863,344,861,0.99,1),
	 (1864,344,863,0.99,1),
	 (1865,345,865,0.99,1),
	 (1866,345,867,0.99,1),
	 (1867,345,869,0.99,1),
	 (1868,345,871,0.99,1),
	 (1869,346,875,0.99,1),
	 (1870,346,879,0.99,1);
INSERT INTO InvoiceLine (InvoiceLineId,InvoiceId,TrackId,UnitPrice,Quantity) VALUES
	 (1871,346,883,0.99,1),
	 (1872,346,887,0.99,1),
	 (1873,346,891,0.99,1),
	 (1874,346,895,0.99,1),
	 (1875,347,901,0.99,1),
	 (1876,347,907,0.99,1),
	 (1877,347,913,0.99,1),
	 (1878,347,919,0.99,1),
	 (1879,347,925,0.99,1),
	 (1880,347,931,0.99,1);
INSERT INTO InvoiceLine (InvoiceLineId,InvoiceId,TrackId,UnitPrice,Quantity) VALUES
	 (1881,347,937,0.99,1),
	 (1882,347,943,0.99,1),
	 (1883,347,949,0.99,1),
	 (1884,348,958,0.99,1),
	 (1885,348,967,0.99,1),
	 (1886,348,976,0.99,1),
	 (1887,348,985,0.99,1),
	 (1888,348,994,0.99,1),
	 (1889,348,1003,0.99,1),
	 (1890,348,1012,0.99,1);
INSERT INTO InvoiceLine (InvoiceLineId,InvoiceId,TrackId,UnitPrice,Quantity) VALUES
	 (1891,348,1021,0.99,1),
	 (1892,348,1030,0.99,1),
	 (1893,348,1039,0.99,1),
	 (1894,348,1048,0.99,1),
	 (1895,348,1057,0.99,1),
	 (1896,348,1066,0.99,1),
	 (1897,348,1075,0.99,1),
	 (1898,349,1089,0.99,1),
	 (1899,350,1090,0.99,1),
	 (1900,350,1091,0.99,1);
INSERT INTO InvoiceLine (InvoiceLineId,InvoiceId,TrackId,UnitPrice,Quantity) VALUES
	 (1901,351,1093,0.99,1),
	 (1902,351,1095,0.99,1),
	 (1903,352,1097,0.99,1),
	 (1904,352,1099,0.99,1),
	 (1905,352,1101,0.99,1),
	 (1906,352,1103,0.99,1),
	 (1907,353,1107,0.99,1),
	 (1908,353,1111,0.99,1),
	 (1909,353,1115,0.99,1),
	 (1910,353,1119,0.99,1);
INSERT INTO InvoiceLine (InvoiceLineId,InvoiceId,TrackId,UnitPrice,Quantity) VALUES
	 (1911,353,1123,0.99,1),
	 (1912,353,1127,0.99,1),
	 (1913,354,1133,0.99,1),
	 (1914,354,1139,0.99,1),
	 (1915,354,1145,0.99,1),
	 (1916,354,1151,0.99,1),
	 (1917,354,1157,0.99,1),
	 (1918,354,1163,0.99,1),
	 (1919,354,1169,0.99,1),
	 (1920,354,1175,0.99,1);
INSERT INTO InvoiceLine (InvoiceLineId,InvoiceId,TrackId,UnitPrice,Quantity) VALUES
	 (1921,354,1181,0.99,1),
	 (1922,355,1190,0.99,1),
	 (1923,355,1199,0.99,1),
	 (1924,355,1208,0.99,1),
	 (1925,355,1217,0.99,1),
	 (1926,355,1226,0.99,1),
	 (1927,355,1235,0.99,1),
	 (1928,355,1244,0.99,1),
	 (1929,355,1253,0.99,1),
	 (1930,355,1262,0.99,1);
INSERT INTO InvoiceLine (InvoiceLineId,InvoiceId,TrackId,UnitPrice,Quantity) VALUES
	 (1931,355,1271,0.99,1),
	 (1932,355,1280,0.99,1),
	 (1933,355,1289,0.99,1),
	 (1934,355,1298,0.99,1),
	 (1935,355,1307,0.99,1),
	 (1936,356,1321,0.99,1),
	 (1937,357,1322,0.99,1),
	 (1938,357,1323,0.99,1),
	 (1939,358,1325,0.99,1),
	 (1940,358,1327,0.99,1);
INSERT INTO InvoiceLine (InvoiceLineId,InvoiceId,TrackId,UnitPrice,Quantity) VALUES
	 (1941,359,1329,0.99,1),
	 (1942,359,1331,0.99,1),
	 (1943,359,1333,0.99,1),
	 (1944,359,1335,0.99,1),
	 (1945,360,1339,0.99,1),
	 (1946,360,1343,0.99,1),
	 (1947,360,1347,0.99,1),
	 (1948,360,1351,0.99,1),
	 (1949,360,1355,0.99,1),
	 (1950,360,1359,0.99,1);
INSERT INTO InvoiceLine (InvoiceLineId,InvoiceId,TrackId,UnitPrice,Quantity) VALUES
	 (1951,361,1365,0.99,1),
	 (1952,361,1371,0.99,1),
	 (1953,361,1377,0.99,1),
	 (1954,361,1383,0.99,1),
	 (1955,361,1389,0.99,1),
	 (1956,361,1395,0.99,1),
	 (1957,361,1401,0.99,1),
	 (1958,361,1407,0.99,1),
	 (1959,361,1413,0.99,1),
	 (1960,362,1422,0.99,1);
INSERT INTO InvoiceLine (InvoiceLineId,InvoiceId,TrackId,UnitPrice,Quantity) VALUES
	 (1961,362,1431,0.99,1),
	 (1962,362,1440,0.99,1),
	 (1963,362,1449,0.99,1),
	 (1964,362,1458,0.99,1),
	 (1965,362,1467,0.99,1),
	 (1966,362,1476,0.99,1),
	 (1967,362,1485,0.99,1),
	 (1968,362,1494,0.99,1),
	 (1969,362,1503,0.99,1),
	 (1970,362,1512,0.99,1);
INSERT INTO InvoiceLine (InvoiceLineId,InvoiceId,TrackId,UnitPrice,Quantity) VALUES
	 (1971,362,1521,0.99,1),
	 (1972,362,1530,0.99,1),
	 (1973,362,1539,0.99,1),
	 (1974,363,1553,0.99,1),
	 (1975,364,1554,0.99,1),
	 (1976,364,1555,0.99,1),
	 (1977,365,1557,0.99,1),
	 (1978,365,1559,0.99,1),
	 (1979,366,1561,0.99,1),
	 (1980,366,1563,0.99,1);
INSERT INTO InvoiceLine (InvoiceLineId,InvoiceId,TrackId,UnitPrice,Quantity) VALUES
	 (1981,366,1565,0.99,1),
	 (1982,366,1567,0.99,1),
	 (1983,367,1571,0.99,1),
	 (1984,367,1575,0.99,1),
	 (1985,367,1579,0.99,1),
	 (1986,367,1583,0.99,1),
	 (1987,367,1587,0.99,1),
	 (1988,367,1591,0.99,1),
	 (1989,368,1597,0.99,1),
	 (1990,368,1603,0.99,1);
INSERT INTO InvoiceLine (InvoiceLineId,InvoiceId,TrackId,UnitPrice,Quantity) VALUES
	 (1991,368,1609,0.99,1),
	 (1992,368,1615,0.99,1),
	 (1993,368,1621,0.99,1),
	 (1994,368,1627,0.99,1),
	 (1995,368,1633,0.99,1),
	 (1996,368,1639,0.99,1),
	 (1997,368,1645,0.99,1),
	 (1998,369,1654,0.99,1),
	 (1999,369,1663,0.99,1),
	 (2000,369,1672,0.99,1);
INSERT INTO InvoiceLine (InvoiceLineId,InvoiceId,TrackId,UnitPrice,Quantity) VALUES
	 (2001,369,1681,0.99,1),
	 (2002,369,1690,0.99,1),
	 (2003,369,1699,0.99,1),
	 (2004,369,1708,0.99,1),
	 (2005,369,1717,0.99,1),
	 (2006,369,1726,0.99,1),
	 (2007,369,1735,0.99,1),
	 (2008,369,1744,0.99,1),
	 (2009,369,1753,0.99,1),
	 (2010,369,1762,0.99,1);
INSERT INTO InvoiceLine (InvoiceLineId,InvoiceId,TrackId,UnitPrice,Quantity) VALUES
	 (2011,369,1771,0.99,1),
	 (2012,370,1785,0.99,1),
	 (2013,371,1786,0.99,1),
	 (2014,371,1787,0.99,1),
	 (2015,372,1789,0.99,1),
	 (2016,372,1791,0.99,1),
	 (2017,373,1793,0.99,1),
	 (2018,373,1795,0.99,1),
	 (2019,373,1797,0.99,1),
	 (2020,373,1799,0.99,1);
INSERT INTO InvoiceLine (InvoiceLineId,InvoiceId,TrackId,UnitPrice,Quantity) VALUES
	 (2021,374,1803,0.99,1),
	 (2022,374,1807,0.99,1),
	 (2023,374,1811,0.99,1),
	 (2024,374,1815,0.99,1),
	 (2025,374,1819,0.99,1),
	 (2026,374,1823,0.99,1),
	 (2027,375,1829,0.99,1),
	 (2028,375,1835,0.99,1),
	 (2029,375,1841,0.99,1),
	 (2030,375,1847,0.99,1);
INSERT INTO InvoiceLine (InvoiceLineId,InvoiceId,TrackId,UnitPrice,Quantity) VALUES
	 (2031,375,1853,0.99,1),
	 (2032,375,1859,0.99,1),
	 (2033,375,1865,0.99,1),
	 (2034,375,1871,0.99,1),
	 (2035,375,1877,0.99,1),
	 (2036,376,1886,0.99,1),
	 (2037,376,1895,0.99,1),
	 (2038,376,1904,0.99,1),
	 (2039,376,1913,0.99,1),
	 (2040,376,1922,0.99,1);
INSERT INTO InvoiceLine (InvoiceLineId,InvoiceId,TrackId,UnitPrice,Quantity) VALUES
	 (2041,376,1931,0.99,1),
	 (2042,376,1940,0.99,1),
	 (2043,376,1949,0.99,1),
	 (2044,376,1958,0.99,1),
	 (2045,376,1967,0.99,1),
	 (2046,376,1976,0.99,1),
	 (2047,376,1985,0.99,1),
	 (2048,376,1994,0.99,1),
	 (2049,376,2003,0.99,1),
	 (2050,377,2017,0.99,1);
INSERT INTO InvoiceLine (InvoiceLineId,InvoiceId,TrackId,UnitPrice,Quantity) VALUES
	 (2051,378,2018,0.99,1),
	 (2052,378,2019,0.99,1),
	 (2053,379,2021,0.99,1),
	 (2054,379,2023,0.99,1),
	 (2055,380,2025,0.99,1),
	 (2056,380,2027,0.99,1),
	 (2057,380,2029,0.99,1),
	 (2058,380,2031,0.99,1),
	 (2059,381,2035,0.99,1),
	 (2060,381,2039,0.99,1);
INSERT INTO InvoiceLine (InvoiceLineId,InvoiceId,TrackId,UnitPrice,Quantity) VALUES
	 (2061,381,2043,0.99,1),
	 (2062,381,2047,0.99,1),
	 (2063,381,2051,0.99,1),
	 (2064,381,2055,0.99,1),
	 (2065,382,2061,0.99,1),
	 (2066,382,2067,0.99,1),
	 (2067,382,2073,0.99,1),
	 (2068,382,2079,0.99,1),
	 (2069,382,2085,0.99,1),
	 (2070,382,2091,0.99,1);
INSERT INTO InvoiceLine (InvoiceLineId,InvoiceId,TrackId,UnitPrice,Quantity) VALUES
	 (2071,382,2097,0.99,1),
	 (2072,382,2103,0.99,1),
	 (2073,382,2109,0.99,1),
	 (2074,383,2118,0.99,1),
	 (2075,383,2127,0.99,1),
	 (2076,383,2136,0.99,1),
	 (2077,383,2145,0.99,1),
	 (2078,383,2154,0.99,1),
	 (2079,383,2163,0.99,1),
	 (2080,383,2172,0.99,1);
INSERT INTO InvoiceLine (InvoiceLineId,InvoiceId,TrackId,UnitPrice,Quantity) VALUES
	 (2081,383,2181,0.99,1),
	 (2082,383,2190,0.99,1),
	 (2083,383,2199,0.99,1),
	 (2084,383,2208,0.99,1),
	 (2085,383,2217,0.99,1),
	 (2086,383,2226,0.99,1),
	 (2087,383,2235,0.99,1),
	 (2088,384,2249,0.99,1),
	 (2089,385,2250,0.99,1),
	 (2090,385,2251,0.99,1);
INSERT INTO InvoiceLine (InvoiceLineId,InvoiceId,TrackId,UnitPrice,Quantity) VALUES
	 (2091,386,2253,0.99,1),
	 (2092,386,2255,0.99,1),
	 (2093,387,2257,0.99,1),
	 (2094,387,2259,0.99,1),
	 (2095,387,2261,0.99,1),
	 (2096,387,2263,0.99,1),
	 (2097,388,2267,0.99,1),
	 (2098,388,2271,0.99,1),
	 (2099,388,2275,0.99,1),
	 (2100,388,2279,0.99,1);
INSERT INTO InvoiceLine (InvoiceLineId,InvoiceId,TrackId,UnitPrice,Quantity) VALUES
	 (2101,388,2283,0.99,1),
	 (2102,388,2287,0.99,1),
	 (2103,389,2293,0.99,1),
	 (2104,389,2299,0.99,1),
	 (2105,389,2305,0.99,1),
	 (2106,389,2311,0.99,1),
	 (2107,389,2317,0.99,1),
	 (2108,389,2323,0.99,1),
	 (2109,389,2329,0.99,1),
	 (2110,389,2335,0.99,1);
INSERT INTO InvoiceLine (InvoiceLineId,InvoiceId,TrackId,UnitPrice,Quantity) VALUES
	 (2111,389,2341,0.99,1),
	 (2112,390,2350,0.99,1),
	 (2113,390,2359,0.99,1),
	 (2114,390,2368,0.99,1),
	 (2115,390,2377,0.99,1),
	 (2116,390,2386,0.99,1),
	 (2117,390,2395,0.99,1),
	 (2118,390,2404,0.99,1),
	 (2119,390,2413,0.99,1),
	 (2120,390,2422,0.99,1);
INSERT INTO InvoiceLine (InvoiceLineId,InvoiceId,TrackId,UnitPrice,Quantity) VALUES
	 (2121,390,2431,0.99,1),
	 (2122,390,2440,0.99,1),
	 (2123,390,2449,0.99,1),
	 (2124,390,2458,0.99,1),
	 (2125,390,2467,0.99,1),
	 (2126,391,2481,0.99,1),
	 (2127,392,2482,0.99,1),
	 (2128,392,2483,0.99,1),
	 (2129,393,2485,0.99,1),
	 (2130,393,2487,0.99,1);
INSERT INTO InvoiceLine (InvoiceLineId,InvoiceId,TrackId,UnitPrice,Quantity) VALUES
	 (2131,394,2489,0.99,1),
	 (2132,394,2491,0.99,1),
	 (2133,394,2493,0.99,1),
	 (2134,394,2495,0.99,1),
	 (2135,395,2499,0.99,1),
	 (2136,395,2503,0.99,1),
	 (2137,395,2507,0.99,1),
	 (2138,395,2511,0.99,1),
	 (2139,395,2515,0.99,1),
	 (2140,395,2519,0.99,1);
INSERT INTO InvoiceLine (InvoiceLineId,InvoiceId,TrackId,UnitPrice,Quantity) VALUES
	 (2141,396,2525,0.99,1),
	 (2142,396,2531,0.99,1),
	 (2143,396,2537,0.99,1),
	 (2144,396,2543,0.99,1),
	 (2145,396,2549,0.99,1),
	 (2146,396,2555,0.99,1),
	 (2147,396,2561,0.99,1),
	 (2148,396,2567,0.99,1),
	 (2149,396,2573,0.99,1),
	 (2150,397,2582,0.99,1);
INSERT INTO InvoiceLine (InvoiceLineId,InvoiceId,TrackId,UnitPrice,Quantity) VALUES
	 (2151,397,2591,0.99,1),
	 (2152,397,2600,0.99,1),
	 (2153,397,2609,0.99,1),
	 (2154,397,2618,0.99,1),
	 (2155,397,2627,0.99,1),
	 (2156,397,2636,0.99,1),
	 (2157,397,2645,0.99,1),
	 (2158,397,2654,0.99,1),
	 (2159,397,2663,0.99,1),
	 (2160,397,2672,0.99,1);
INSERT INTO InvoiceLine (InvoiceLineId,InvoiceId,TrackId,UnitPrice,Quantity) VALUES
	 (2161,397,2681,0.99,1),
	 (2162,397,2690,0.99,1),
	 (2163,397,2699,0.99,1),
	 (2164,398,2713,0.99,1),
	 (2165,399,2714,0.99,1),
	 (2166,399,2715,0.99,1),
	 (2167,400,2717,0.99,1),
	 (2168,400,2719,0.99,1),
	 (2169,401,2721,0.99,1),
	 (2170,401,2723,0.99,1);
INSERT INTO InvoiceLine (InvoiceLineId,InvoiceId,TrackId,UnitPrice,Quantity) VALUES
	 (2171,401,2725,0.99,1),
	 (2172,401,2727,0.99,1),
	 (2173,402,2731,0.99,1),
	 (2174,402,2735,0.99,1),
	 (2175,402,2739,0.99,1),
	 (2176,402,2743,0.99,1),
	 (2177,402,2747,0.99,1),
	 (2178,402,2751,0.99,1),
	 (2179,403,2757,0.99,1),
	 (2180,403,2763,0.99,1);
INSERT INTO InvoiceLine (InvoiceLineId,InvoiceId,TrackId,UnitPrice,Quantity) VALUES
	 (2181,403,2769,0.99,1),
	 (2182,403,2775,0.99,1),
	 (2183,403,2781,0.99,1),
	 (2184,403,2787,0.99,1),
	 (2185,403,2793,0.99,1),
	 (2186,403,2799,0.99,1),
	 (2187,403,2805,0.99,1),
	 (2188,404,2814,0.99,1),
	 (2189,404,2823,1.99,1),
	 (2190,404,2832,1.99,1);
INSERT INTO InvoiceLine (InvoiceLineId,InvoiceId,TrackId,UnitPrice,Quantity) VALUES
	 (2191,404,2841,1.99,1),
	 (2192,404,2850,1.99,1),
	 (2193,404,2859,1.99,1),
	 (2194,404,2868,1.99,1),
	 (2195,404,2877,1.99,1),
	 (2196,404,2886,1.99,1),
	 (2197,404,2895,1.99,1),
	 (2198,404,2904,1.99,1),
	 (2199,404,2913,1.99,1),
	 (2200,404,2922,1.99,1);
INSERT INTO InvoiceLine (InvoiceLineId,InvoiceId,TrackId,UnitPrice,Quantity) VALUES
	 (2201,404,2931,0.99,1),
	 (2202,405,2945,0.99,1),
	 (2203,406,2946,0.99,1),
	 (2204,406,2947,0.99,1),
	 (2205,407,2949,0.99,1),
	 (2206,407,2951,0.99,1),
	 (2207,408,2953,0.99,1),
	 (2208,408,2955,0.99,1),
	 (2209,408,2957,0.99,1),
	 (2210,408,2959,0.99,1);
INSERT INTO InvoiceLine (InvoiceLineId,InvoiceId,TrackId,UnitPrice,Quantity) VALUES
	 (2211,409,2963,0.99,1),
	 (2212,409,2967,0.99,1),
	 (2213,409,2971,0.99,1),
	 (2214,409,2975,0.99,1),
	 (2215,409,2979,0.99,1),
	 (2216,409,2983,0.99,1),
	 (2217,410,2989,0.99,1),
	 (2218,410,2995,0.99,1),
	 (2219,410,3001,0.99,1),
	 (2220,410,3007,0.99,1);
INSERT INTO InvoiceLine (InvoiceLineId,InvoiceId,TrackId,UnitPrice,Quantity) VALUES
	 (2221,410,3013,0.99,1),
	 (2222,410,3019,0.99,1),
	 (2223,410,3025,0.99,1),
	 (2224,410,3031,0.99,1),
	 (2225,410,3037,0.99,1),
	 (2226,411,3046,0.99,1),
	 (2227,411,3055,0.99,1),
	 (2228,411,3064,0.99,1),
	 (2229,411,3073,0.99,1),
	 (2230,411,3082,0.99,1);
INSERT INTO InvoiceLine (InvoiceLineId,InvoiceId,TrackId,UnitPrice,Quantity) VALUES
	 (2231,411,3091,0.99,1),
	 (2232,411,3100,0.99,1),
	 (2233,411,3109,0.99,1),
	 (2234,411,3118,0.99,1),
	 (2235,411,3127,0.99,1),
	 (2236,411,3136,0.99,1),
	 (2237,411,3145,0.99,1),
	 (2238,411,3154,0.99,1),
	 (2239,411,3163,0.99,1),
	 (2240,412,3177,1.99,1);
INSERT INTO MediaType (MediaTypeId,Name) VALUES
	 (1,'MPEG audio file'),
	 (2,'Protected AAC audio file'),
	 (3,'Protected MPEG-4 video file'),
	 (4,'Purchased AAC audio file'),
	 (5,'AAC audio file');
